minutes,goals_scored,assists,clean_sheets,goals_conceded,own_goals,penalties_saved,penalties_missed,yellow_cards,red_cards,saves,bonus,bps,influence,creativity,threat,ict_index,clearances_blocks_interceptions,recoveries,tackles,defensive_contribution,starts,expected_goals,expected_assists,expected_goal_involvements,expected_goals_conceded,total_points,in_dreamteam,id,web_name,position,team_name,price_M
90,0,0,1,0,0,0,0,0,0,2,1,25,14.0,0.0,0.0,1.4,1,8,0,0,1,0.00,0.00,0.00,0.82,7,False,1,Raya,GKP,Arsenal,6.0
0,0,0,0,0,0,0,0,0,0,0,0,0,0.0,0.0,0.0,0.0,0,0,0,0,0,0.00,0.00,0.00,0.00,0,False,2,Arrizabalaga,GKP,Arsenal,4.1
0,0,0,0,0,0,0,0,0,0,0,0,0,0.0,0.0,0.0,0.0,0,0,0,0,0,0.00,0.00,0.00,0.00,0,False,3,Hein,GKP,Arsenal,4.0
0,0,0,0,0,0,0,0,0,0,0,0,0,0.0,0.0,0.0,0.0,0,0,0,0,0,0.00,0.00,0.00,0.00,0,False,4,Setford,GKP,Arsenal,3.9
90,0,0,1,0,0,0,0,0,0,0,3,40,37.6,0.3,2.0,4.0,16,2,1,17,1,0.00,0.00,0.00,0.82,11,True,5,Gabriel,DEF,Arsenal,7.2
0,0,0,0,0,0,0,0,0,0,0,0,0,0.0,0.0,0.0,0.0,0,0,0,0,0,0.00,0.00,0.00,0.00,0,False,6,Saliba,DEF,Arsenal,6.1
26,0,0,0,0,0,0,0,0,0,0,0,2,4.6,0.9,0.0,0.6,1,0,1,2,0,0.00,0.00,0.00,0.18,1,False,7,Calafiori,DEF,Arsenal,5.6
90,0,1,1,0,0,0,0,0,0,0,2,33,36.4,20.8,2.0,5.9,9,1,5,14,1,0.00,0.07,0.07,0.82,13,True,8,J.Timber,DEF,Arsenal,6.3
0,0,0,0,0,0,0,0,0,0,0,0,0,0.0,0.0,0.0,0.0,0,0,0,0,0,0.00,0.00,0.00,0.00,0,False,9,Kiwior,DEF,Arsenal,5.4
0,0,0,0,0,0,0,0,0,0,0,0,0,0.0,0.0,0.0,0.0,0,0,0,0,0,0.00,0.00,0.00,0.00,0,False,10,Lewis-Skelly,DEF,Arsenal,5.1
0,0,0,0,0,0,0,0,0,0,0,0,0,0.0,0.0,0.0,0.0,0,0,0,0,0,0.00,0.00,0.00,0.00,0,False,11,White,DEF,Arsenal,5.1
0,0,0,0,0,0,0,0,0,0,0,0,0,0.0,0.0,0.0,0.0,0,0,0,0,0,0.00,0.00,0.00,0.00,0,False,12,Zinchenko,DEF,Nott'm Forest,4.9
0,0,0,0,0,0,0,0,0,0,0,0,0,0.0,0.0,0.0,0.0,0,0,0,0,0,0.00,0.00,0.00,0.00,0,False,13,Clarke,DEF,Arsenal,3.8
0,0,0,0,0,0,0,0,0,0,0,0,0,0.0,0.0,0.0,0.0,0,0,0,0,0,0.00,0.00,0.00,0.00,0,False,14,Kacurri,DEF,Arsenal,3.9
0,0,0,0,0,0,0,0,0,0,0,0,0,0.0,0.0,0.0,0.0,0,0,0,0,0,0.00,0.00,0.00,0.00,0,False,15,Nichols,DEF,Arsenal,3.7
90,1,0,1,0,0,0,0,0,0,0,1,25,34.0,1.1,27.0,6.2,2,1,1,4,1,0.12,0.01,0.13,0.82,9,False,16,Saka,MID,Arsenal,9.8
0,0,0,0,0,0,0,0,0,0,0,0,0,0.0,0.0,0.0,0.0,0,0,0,0,0,0.00,0.00,0.00,0.00,0,False,17,Ødegaard,MID,Arsenal,7.8
0,0,0,0,0,0,0,0,0,0,0,0,0,0.0,0.0,0.0,0.0,0,0,0,0,0,0.00,0.00,0.00,0.00,0,False,18,Madueke,MID,Arsenal,6.8
59,0,0,0,0,0,0,0,0,0,0,0,0,0.0,0.3,4.0,0.2,1,2,0,3,1,0.07,0.00,0.07,0.55,1,False,19,Martinelli,MID,Arsenal,6.8
30,0,0,0,0,0,0,0,0,0,0,0,-1,5.6,14.8,8.0,2.8,1,2,1,4,0,0.14,0.07,0.21,0.27,1,False,20,Trossard,MID,Arsenal,6.7
90,0,0,1,0,0,0,0,0,0,0,0,19,25.8,27.0,0.0,5.3,6,4,1,11,1,0.00,0.07,0.07,0.82,3,False,21,Rice,MID,Arsenal,7.4
0,0,0,0,0,0,0,0,0,0,0,0,0,0.0,0.0,0.0,0.0,0,0,0,0,0,0.00,0.00,0.00,0.00,0,False,22,Merino,MID,Arsenal,5.4
0,0,0,0,0,0,0,0,0,0,0,0,0,0.0,0.0,0.0,0.0,0,0,0,0,0,0.00,0.00,0.00,0.00,0,False,23,Fábio Vieira,MID,Arsenal,5.4
10,0,0,0,0,0,0,0,0,0,0,0,3,0.2,0.0,0.0,0.0,0,1,0,1,0,0.00,0.00,0.00,0.00,1,False,24,Nørgaard,MID,Arsenal,5.1
0,0,0,0,0,0,0,0,0,0,0,0,0,0.0,0.0,0.0,0.0,0,0,0,0,0,0.00,0.00,0.00,0.00,0,False,25,Nwaneri,MID,Arsenal,5.0
79,0,0,1,0,0,0,0,0,0,0,0,7,10.0,0.7,4.0,1.5,4,2,1,7,1,0.03,0.00,0.03,0.82,3,False,26,Zubimendi,MID,Arsenal,5.2
0,0,0,0,0,0,0,0,0,0,0,0,0,0.0,0.0,0.0,0.0,0,0,0,0,0,0.00,0.00,0.00,0.00,0,False,27,Nelson,MID,Brentford,4.8
0,0,0,0,0,0,0,0,0,0,0,0,0,0.0,0.0,0.0,0.0,0,0,0,0,0,0.00,0.00,0.00,0.00,0,False,28,Kabia,MID,Arsenal,4.5
0,0,0,0,0,0,0,0,0,0,0,0,0,0.0,0.0,0.0,0.0,0,0,0,0,0,0.00,0.00,0.00,0.00,0,False,29,Sambi,MID,Arsenal,4.5
31,0,0,0,0,0,0,0,0,0,0,0,6,3.4,0.7,23.0,2.7,0,2,0,2,0,0.10,0.00,0.10,0.27,1,False,30,Havertz,FWD,Arsenal,7.3
0,0,0,0,0,0,0,0,0,0,0,0,0,0.0,0.0,0.0,0.0,0,0,0,0,0,0.00,0.00,0.00,0.00,0,False,31,G.Jesus,FWD,Arsenal,6.4
90,0,0,0,4,0,0,0,0,0,4,0,13,37.2,10.0,0.0,4.7,2,11,0,0,1,0.00,0.01,0.01,3.60,1,False,32,Martinez,GKP,Aston Villa,5.1
0,0,0,0,0,0,0,0,0,0,0,0,0,0.0,0.0,0.0,0.0,0,0,0,0,0,0.00,0.00,0.00,0.00,0,False,33,M.Bizot,GKP,Aston Villa,4.2
0,0,0,0,0,0,0,0,0,0,0,0,0,0.0,0.0,0.0,0.0,0,0,0,0,0,0.00,0.00,0.00,0.00,0,False,34,Gauci,GKP,Aston Villa,4.0
0,0,0,0,0,0,0,0,0,0,0,0,0,0.0,0.0,0.0,0.0,0,0,0,0,0,0.00,0.00,0.00,0.00,0,False,35,Marschall,GKP,Aston Villa,4.0
45,0,0,0,2,0,0,0,1,0,0,0,-12,1.8,0.5,0.0,0.2,1,2,0,1,1,0.00,0.00,0.00,2.17,-1,False,36,Cash,DEF,Aston Villa,4.8
0,0,0,0,0,0,0,0,0,0,0,0,0,0.0,0.0,0.0,0.0,0,0,0,0,0,0.00,0.00,0.00,0.00,0,False,37,Digne,DEF,Aston Villa,4.5
90,0,0,0,4,0,0,0,0,0,0,0,-3,17.0,0.8,0.0,1.8,5,2,0,5,1,0.00,0.00,0.00,3.60,0,False,38,Konsa,DEF,Aston Villa,4.4
90,0,0,0,4,0,0,0,0,0,0,0,1,17.0,12.7,2.0,3.2,7,3,2,9,1,0.00,0.02,0.02,3.60,0,False,39,Maatsen,DEF,Aston Villa,4.2
90,0,0,0,4,0,0,0,0,0,0,0,0,14.8,1.9,0.0,1.7,3,3,1,4,1,0.00,0.02,0.02,3.60,0,False,40,Mings,DEF,Aston Villa,4.3
0,0,0,0,0,0,0,0,0,0,0,0,0,0.0,0.0,0.0,0.0,0,0,0,0,0,0.00,0.00,0.00,0.00,0,False,41,Pau,DEF,Aston Villa,4.3
0,0,0,0,0,0,0,0,0,0,0,0,0,0.0,0.0,0.0,0.0,0,0,0,0,0,0.00,0.00,0.00,0.00,0,False,42,A.García,DEF,Aston Villa,3.9
0,0,0,0,0,0,0,0,0,0,0,0,0,0.0,0.0,0.0,0.0,0,0,0,0,0,0.00,0.00,0.00,0.00,0,False,43,Alex Moreno,DEF,Aston Villa,4.0
45,0,0,0,2,0,0,0,0,0,0,0,-5,3.0,1.1,0.0,0.4,0,3,1,1,0,0.00,0.00,0.00,1.43,0,False,44,Bogarde,DEF,Aston Villa,4.0
0,0,0,0,0,0,0,0,0,0,0,0,0,0.0,0.0,0.0,0.0,0,0,0,0,0,0.00,0.00,0.00,0.00,0,False,45,Sousa,DEF,Aston Villa,3.8
0,0,0,0,0,0,0,0,0,0,0,0,0,0.0,0.0,0.0,0.0,0,0,0,0,0,0.00,0.00,0.00,0.00,0,False,46,Yasin,DEF,Aston Villa,4.0
90,0,0,0,4,0,0,0,1,0,0,0,1,4.0,2.4,25.0,3.1,1,6,0,7,1,0.13,0.01,0.14,3.60,1,False,47,Rogers,MID,Aston Villa,7.5
0,0,0,0,0,0,0,0,0,0,0,0,0,0.0,0.0,0.0,0.0,0,0,0,0,0,0.00,0.00,0.00,0.00,0,False,48,Tielemans,MID,Aston Villa,5.9
62,0,1,0,3,0,0,0,0,0,0,0,19,22.4,10.4,2.0,3.5,2,1,1,4,1,0.00,0.26,0.26,2.26,5,False,49,Bailey,MID,Aston Villa,5.5
62,0,0,0,3,0,0,0,0,0,0,0,13,6.8,14.5,0.0,2.1,1,2,2,5,1,0.00,0.19,0.19,2.26,2,False,50,Buendía,MID,Aston Villa,5.3
0,0,0,0,0,0,0,0,0,0,0,0,0,0.0,0.0,0.0,0.0,0,0,0,0,0,0.00,0.00,0.00,0.00,0,False,51,Iling Jr,MID,Aston Villa,5.5
45,0,0,0,1,0,0,0,0,1,0,0,-3,2.0,1.6,0.0,0.4,0,3,4,7,1,0.00,0.01,0.01,0.61,-2,False,52,J.Ramsey,MID,Newcastle,5.3
0,0,0,0,0,0,0,0,0,0,0,0,0,0.0,0.0,0.0,0.0,0,0,0,0,0,0.00,0.00,0.00,0.00,0,False,53,Malen,MID,Aston Villa,5.1
0,0,0,0,0,0,0,0,0,0,0,0,0,0.0,0.0,0.0,0.0,0,0,0,0,0,0.00,0.00,0.00,0.00,0,False,54,McGinn,MID,Aston Villa,5.3
27,0,0,0,1,0,0,0,0,0,0,0,9,6.6,16.8,2.0,2.5,0,1,1,2,0,0.01,0.33,0.34,1.34,1,False,55,Barkley,MID,Aston Villa,4.8
0,0,0,0,0,0,0,0,0,0,0,0,0,0.0,0.0,0.0,0.0,0,0,0,0,0,0.00,0.00,0.00,0.00,0,False,56,Barrenechea,MID,Aston Villa,5.0
0,0,0,0,0,0,0,0,0,0,0,0,0,0.0,0.0,0.0,0.0,0,0,0,0,0,0.00,0.00,0.00,0.00,0,False,57,Dobbin,MID,Aston Villa,5.0
0,0,0,0,0,0,0,0,0,0,0,0,0,0.0,0.0,0.0,0.0,0,0,0,0,0,0.00,0.00,0.00,0.00,0,False,58,Kamara,MID,Aston Villa,4.9
90,0,0,0,4,0,0,0,0,0,0,0,9,6.0,1.3,2.0,0.9,1,1,1,3,1,0.00,0.01,0.01,3.60,2,False,59,Onana,MID,Aston Villa,4.8
0,0,0,0,0,0,0,0,0,0,0,0,0,0.0,0.0,0.0,0.0,0,0,0,0,0,0.00,0.00,0.00,0.00,0,False,60,Broggio,MID,Aston Villa,4.4
0,0,0,0,0,0,0,0,0,0,0,0,0,0.0,0.0,0.0,0.0,0,0,0,0,0,0.00,0.00,0.00,0.00,0,False,61,Dendoncker,MID,Aston Villa,4.5
0,0,0,0,0,0,0,0,0,0,0,0,0,0.0,0.0,0.0,0.0,0,0,0,0,0,0.00,0.00,0.00,0.00,0,False,62,Jimoh-Aloba,MID,Aston Villa,4.5
0,0,0,0,0,0,0,0,0,0,0,0,0,0.0,0.0,0.0,0.0,0,0,0,0,0,0.00,0.00,0.00,0.00,0,False,63,Young,MID,Aston Villa,4.3
70,0,0,0,4,0,0,0,1,0,0,0,1,5.0,0.3,38.0,4.3,1,1,1,3,1,0.20,0.00,0.20,3.23,1,False,64,Watkins,FWD,Aston Villa,8.5
0,0,0,0,0,0,0,0,0,0,0,0,0,0.0,0.0,0.0,0.0,0,0,0,0,0,0.00,0.00,0.00,0.00,0,False,65,Redmond,FWD,Aston Villa,4.5
0,0,0,0,0,0,0,0,0,0,0,0,0,0.0,0.0,0.0,0.0,0,0,0,0,0,0.00,0.00,0.00,0.00,0,False,66,Neto,GKP,Bournemouth,4.5
90,0,0,1,0,0,0,0,0,0,2,0,26,18.2,0.0,0.0,1.8,1,8,0,0,1,0.00,0.00,0.00,0.40,6,False,67,Petrović,GKP,Bournemouth,4.5
0,0,0,0,0,0,0,0,0,0,0,0,0,0.0,0.0,0.0,0.0,0,0,0,0,0,0.00,0.00,0.00,0.00,0,False,68,Dennis,GKP,Bournemouth,4.0
0,0,0,0,0,0,0,0,0,0,0,0,0,0.0,0.0,0.0,0.0,0,0,0,0,0,0.00,0.00,0.00,0.00,0,False,69,McKenna,GKP,Bournemouth,3.9
0,0,0,0,0,0,0,0,0,0,0,0,0,0.0,0.0,0.0,0.0,0,0,0,0,0,0.00,0.00,0.00,0.00,0,False,70,Paulsen,GKP,Bournemouth,4.0
0,0,0,0,0,0,0,0,0,0,0,0,0,0.0,0.0,0.0,0.0,0,0,0,0,0,0.00,0.00,0.00,0.00,0,False,71,Zabarnyi,DEF,Bournemouth,5.0
90,0,0,1,0,0,0,0,0,0,0,3,31,18.4,0.7,0.0,1.9,8,4,2,10,1,0.00,0.04,0.04,0.40,11,True,72,Senesi,DEF,Bournemouth,5.0
0,0,0,0,0,0,0,0,0,0,0,0,0,0.0,0.0,0.0,0.0,0,0,0,0,0,0.00,0.00,0.00,0.00,0,False,73,Smith,DEF,Bournemouth,4.4
90,0,0,1,0,0,0,0,0,0,0,2,30,14.0,17.7,2.0,3.4,5,8,1,6,1,0.00,0.33,0.33,0.40,8,False,74,Truffert,DEF,Bournemouth,4.6
0,0,0,0,0,0,0,0,0,0,0,0,0,0.0,0.0,0.0,0.0,0,0,0,0,0,0.00,0.00,0.00,0.00,0,False,75,Akinmboni,DEF,Bournemouth,3.8
0,0,0,0,0,0,0,0,0,0,0,0,0,0.0,0.0,0.0,0.0,0,0,0,0,0,0.00,0.00,0.00,0.00,0,False,76,Bevan,DEF,Bournemouth,3.8
90,0,0,1,0,0,0,0,0,0,0,0,27,29.6,4.5,9.0,4.3,15,3,1,16,1,0.16,0.14,0.30,0.40,8,False,77,Hill,DEF,Bournemouth,4.2
0,0,0,0,0,0,0,0,0,0,0,0,0,0.0,0.0,0.0,0.0,0,0,0,0,0,0.00,0.00,0.00,0.00,0,False,78,J.Araujo,DEF,Bournemouth,3.8
0,0,0,0,0,0,0,0,0,0,0,0,0,0.0,0.0,0.0,0.0,0,0,0,0,0,0.00,0.00,0.00,0.00,0,False,79,Mepham,DEF,Bournemouth,4.0
0,0,0,0,0,0,0,0,0,0,0,0,0,0.0,0.0,0.0,0.0,0,0,0,0,0,0.00,0.00,0.00,0.00,0,False,80,Soler,DEF,Bournemouth,4.0
0,0,0,0,0,0,0,0,0,0,0,0,0,0.0,0.0,0.0,0.0,0,0,0,0,0,0.00,0.00,0.00,0.00,0,False,81,Kluivert,MID,Bournemouth,6.9
90,1,0,0,2,0,0,0,0,0,0,0,28,43.0,16.4,26.0,8.5,2,5,1,8,1,0.23,0.02,0.25,0.97,7,False,82,Semenyo,MID,Man City,8.3
86,0,0,1,0,0,0,0,0,0,0,0,9,7.6,0.8,21.0,2.9,1,6,2,9,1,0.14,0.00,0.14,1.79,3,False,83,O.Dango,MID,Brentford,6.0
90,0,0,1,0,0,0,0,1,0,0,0,6,5.0,25.3,37.0,6.7,3,5,0,8,1,1.37,0.10,1.47,0.40,2,False,84,Tavernier,MID,Bournemouth,5.3
90,0,0,1,0,0,0,0,1,0,0,0,13,13.8,14.8,0.0,2.9,5,7,0,12,1,0.00,0.03,0.03,0.40,4,False,85,Adams,MID,Bournemouth,4.9
0,0,0,0,0,0,0,0,0,0,0,0,0,0.0,0.0,0.0,0.0,0,0,0,0,0,0.00,0.00,0.00,0.00,0,False,86,Brooks,MID,Bournemouth,5.0
73,0,0,1,0,0,0,0,0,0,0,0,16,11.0,14.5,5.0,3.1,3,6,2,11,1,0.02,0.10,0.12,0.17,3,False,87,Christie,MID,Bournemouth,4.9
0,0,0,0,0,0,0,0,0,0,0,0,0,0.0,0.0,0.0,0.0,0,0,0,0,0,0.00,0.00,0.00,0.00,0,False,88,Cook,MID,Bournemouth,4.9
0,0,0,0,0,0,0,0,0,0,0,0,0,0.0,0.0,0.0,0.0,0,0,0,0,0,0.00,0.00,0.00,0.00,0,False,89,Philip,MID,Bournemouth,4.9
90,0,0,1,0,0,0,0,0,0,0,0,11,13.2,37.1,14.0,6.4,4,4,1,9,1,0.17,0.29,0.46,0.40,3,False,90,Scott,MID,Bournemouth,5.1
0,0,0,0,0,0,0,0,0,0,0,0,0,0.0,0.0,0.0,0.0,0,0,0,0,0,0.00,0.00,0.00,0.00,0,False,91,Sinisterra,MID,Bournemouth,5.0
0,0,0,0,0,0,0,0,0,0,0,0,0,0.0,0.0,0.0,0.0,0,0,0,0,0,0.00,0.00,0.00,0.00,0,False,92,Faivre,MID,Bournemouth,4.5
0,0,0,0,0,0,0,0,0,0,0,0,0,0.0,0.0,0.0,0.0,0,0,0,0,0,0.00,0.00,0.00,0.00,0,False,93,H.Traorè,MID,Bournemouth,4.5
0,0,0,0,0,0,0,0,0,0,0,0,0,0.0,0.0,0.0,0.0,0,0,0,0,0,0.00,0.00,0.00,0.00,0,False,94,Sadi,MID,Bournemouth,4.5
0,0,0,0,0,0,0,0,0,0,0,0,0,0.0,0.0,0.0,0.0,0,0,0,0,0,0.00,0.00,0.00,0.00,0,False,95,Silcott-Duberry,MID,Bournemouth,4.4
0,0,0,0,0,0,0,0,0,0,0,0,0,0.0,0.0,0.0,0.0,0,0,0,0,0,0.00,0.00,0.00,0.00,0,False,96,Winterburn,MID,Bournemouth,4.5
79,0,0,1,0,0,0,0,0,0,0,0,10,6.4,28.3,4.0,3.9,1,5,0,6,1,0.00,0.21,0.21,0.26,2,False,97,Evanilson,FWD,Bournemouth,6.8
10,0,0,0,0,0,0,0,0,0,0,0,5,4.2,1.5,2.0,0.8,1,0,1,2,0,0.00,0.01,0.01,0.13,1,False,98,Enes Ünal,FWD,Bournemouth,5.4
0,0,0,0,0,0,0,0,0,0,0,0,0,0.0,0.0,0.0,0.0,0,0,0,0,0,0.00,0.00,0.00,0.00,0,False,99,Adu-Adjei,FWD,Bournemouth,4.4
16,0,0,0,0,0,0,0,0,0,0,0,3,4.8,0.8,5.0,1.1,2,5,1,8,0,0.13,0.03,0.16,0.23,1,False,100,Kroupi.Jr,FWD,Bournemouth,4.7
90,0,0,1,0,0,0,0,0,0,2,0,25,16.8,0.0,0.0,1.7,1,7,0,0,1,0.00,0.00,0.00,1.92,6,False,101,Kelleher,GKP,Brentford,4.7
0,0,0,0,0,0,0,0,0,0,0,0,0,0.0,0.0,0.0,0.0,0,0,0,0,0,0.00,0.00,0.00,0.00,0,False,102,Balcombe,GKP,Brentford,3.9
0,0,0,0,0,0,0,0,0,0,0,0,0,0.0,0.0,0.0,0.0,0,0,0,0,0,0.00,0.00,0.00,0.00,0,False,103,Cox,GKP,Brentford,3.9
0,0,0,0,0,0,0,0,0,0,0,0,0,0.0,0.0,0.0,0.0,0,0,0,0,0,0.00,0.00,0.00,0.00,0,False,104,Eyestone,GKP,Brentford,3.9
0,0,0,0,0,0,0,0,0,0,0,0,0,0.0,0.0,0.0,0.0,0,0,0,0,0,0.00,0.00,0.00,0.00,0,False,105,Valdimarsson,GKP,Brentford,3.9
90,0,0,1,0,0,0,0,0,0,0,0,23,15.4,1.4,8.0,2.5,5,3,0,5,1,0.00,0.14,0.14,1.92,6,False,106,Collins,DEF,Brentford,4.9
3,0,0,0,0,0,0,0,0,0,0,0,4,0.2,0.0,0.0,0.0,0,2,0,0,0,0.00,0.00,0.00,0.13,1,False,107,Lewis-Potter,DEF,Brentford,4.8
69,0,0,1,0,0,0,0,0,0,0,0,18,11.6,0.1,4.0,1.6,3,1,3,6,0,0.00,0.00,0.00,1.92,6,False,108,Ajer,DEF,Brentford,4.4
20,0,0,0,0,0,0,0,0,0,0,0,4,2.2,0.3,0.0,0.3,1,1,0,1,1,0.00,0.00,0.00,0.00,1,False,109,Henry,DEF,Brentford,4.3
90,0,0,1,0,0,0,0,0,0,0,0,27,10.8,1.8,0.0,1.3,3,7,2,5,1,0.00,0.02,0.02,1.92,6,False,110,Kayode,DEF,Brentford,4.5
0,0,0,0,0,0,0,0,0,0,0,0,0,0.0,0.0,0.0,0.0,0,0,0,0,0,0.00,0.00,0.00,0.00,0,False,111,Pinnock,DEF,Brentford,4.2
0,0,0,0,0,0,0,0,0,0,0,0,0,0.0,0.0,0.0,0.0,0,0,0,0,0,0.00,0.00,0.00,0.00,0,False,112,Roerslev,DEF,Brentford,4.5
90,0,0,1,0,0,0,0,0,0,0,0,25,16.8,0.5,17.0,3.4,7,6,0,7,1,0.10,0.01,0.11,1.92,6,False,113,Van den Berg,DEF,Brentford,4.5
0,0,0,0,0,0,0,0,0,0,0,0,0,0.0,0.0,0.0,0.0,0,0,0,0,0,0.00,0.00,0.00,0.00,0,False,114,Arthur,DEF,Brentford,3.8
0,0,0,0,0,0,0,0,0,0,0,0,0,0.0,0.0,0.0,0.0,0,0,0,0,0,0.00,0.00,0.00,0.00,0,False,115,Fredrick,DEF,Brentford,4.0
0,0,0,0,0,0,0,0,0,0,0,0,0,0.0,0.0,0.0,0.0,0,0,0,0,0,0.00,0.00,0.00,0.00,0,False,116,Hickey,DEF,Brentford,4.0
0,0,0,0,0,0,0,0,0,0,0,0,0,0.0,0.0,0.0,0.0,0,0,0,0,0,0.00,0.00,0.00,0.00,0,False,117,Ji-soo,DEF,Brentford,3.9
0,0,0,0,0,0,0,0,0,0,0,0,0,0.0,0.0,0.0,0.0,0,0,0,0,0,0.00,0.00,0.00,0.00,0,False,118,Meghoma,DEF,Brentford,4.0
76,0,0,0,1,0,0,0,1,0,0,0,-3,0.0,13.2,18.0,3.1,1,2,2,5,1,0.33,0.06,0.39,1.85,1,False,119,Mbeumo,MID,Man Utd,8.7
90,0,0,1,0,0,0,0,0,0,0,0,2,2.2,16.4,11.0,3.0,0,3,0,3,1,0.13,0.07,0.20,1.92,3,False,120,Schade,MID,Brentford,6.9
90,0,0,1,0,0,0,0,0,0,0,0,9,12.2,13.9,4.0,3.0,3,5,2,10,1,0.00,0.03,0.03,1.92,3,False,121,Damsgaard,MID,Brentford,5.6
0,0,0,0,0,0,0,0,0,0,0,0,0,0.0,0.0,0.0,0.0,0,0,0,0,0,0.00,0.00,0.00,0.00,0,False,122,Milambo,MID,Brentford,5.2
0,0,0,0,0,0,0,0,0,0,0,0,0,0.0,0.0,0.0,0.0,0,0,0,0,0,0.00,0.00,0.00,0.00,0,False,123,Carvalho,MID,Brentford,4.7
61,0,0,1,0,0,0,0,0,0,0,0,14,7.2,3.8,0.0,1.1,4,4,1,9,1,0.00,0.01,0.01,1.70,3,False,124,Henderson,MID,Brentford,5.0
0,0,0,0,0,0,0,0,0,0,0,0,0,0.0,0.0,0.0,0.0,0,0,0,0,0,0.00,0.00,0.00,0.00,0,False,125,Janelt,MID,Brentford,4.9
90,0,0,1,0,0,0,0,1,0,0,0,20,27.2,31.8,2.0,6.1,7,8,3,18,1,0.02,0.26,0.28,1.92,4,False,126,Jensen,MID,Brentford,4.9
0,0,0,0,0,0,0,0,0,0,0,0,0,0.0,0.0,0.0,0.0,0,0,0,0,0,0.00,0.00,0.00,0.00,0,False,127,Nunes,MID,Brentford,4.9
0,0,0,0,0,0,0,0,0,0,0,0,0,0.0,0.0,0.0,0.0,0,0,0,0,0,0.00,0.00,0.00,0.00,0,False,128,Onyeka,MID,Brentford,4.8
28,0,0,0,0,0,0,0,0,0,0,0,3,3.8,2.3,0.0,0.6,1,2,0,3,0,0.00,0.01,0.01,0.23,1,False,129,Yarmoliuk,MID,Brentford,5.0
0,0,0,0,0,0,0,0,0,0,0,0,0,0.0,0.0,0.0,0.0,0,0,0,0,0,0.00,0.00,0.00,0.00,0,False,130,Donovan,MID,Brentford,4.4
0,0,0,0,0,0,0,0,0,0,0,0,0,0.0,0.0,0.0,0.0,0,0,0,0,0,0.00,0.00,0.00,0.00,0,False,131,Konak,MID,Brentford,4.3
0,0,0,0,0,0,0,0,0,0,0,0,0,0.0,0.0,0.0,0.0,0,0,0,0,0,0.00,0.00,0.00,0.00,0,False,132,Maghoma,MID,Brentford,4.5
0,0,0,0,0,0,0,0,0,0,0,0,0,0.0,0.0,0.0,0.0,0,0,0,0,0,0.00,0.00,0.00,0.00,0,False,133,Peart-Harris,MID,Brentford,4.4
0,0,0,0,0,0,0,0,0,0,0,0,0,0.0,0.0,0.0,0.0,0,0,0,0,0,0.00,0.00,0.00,0.00,0,False,134,Trevitt,MID,Brentford,4.5
0,0,0,0,0,0,0,0,0,0,0,0,0,0.0,0.0,0.0,0.0,0,0,0,0,0,0.00,0.00,0.00,0.00,0,False,135,Wissa,FWD,Newcastle,7.3
90,0,0,1,0,0,0,0,0,0,0,0,11,9.0,15.3,2.0,2.6,2,5,1,8,1,0.00,0.04,0.04,1.92,2,False,136,Thiago,FWD,Brentford,7.2
0,0,0,0,0,0,0,0,0,0,0,0,0,0.0,0.0,0.0,0.0,0,0,0,0,0,0.00,0.00,0.00,0.00,0,False,137,Morgan,FWD,Brentford,4.4
0,0,0,0,0,0,0,0,0,0,0,0,0,0.0,0.0,0.0,0.0,0,0,0,0,0,0.00,0.00,0.00,0.00,0,False,138,Steele,GKP,Brighton,4.2
90,0,0,0,1,0,0,0,0,0,1,0,5,7.6,0.0,0.0,0.8,1,5,0,0,1,0.00,0.00,0.00,0.47,2,False,139,Verbruggen,GKP,Brighton,4.5
0,0,0,0,0,0,0,0,0,0,0,0,0,0.0,0.0,0.0,0.0,0,0,0,0,0,0.00,0.00,0.00,0.00,0,False,140,McGill,GKP,Brighton,3.9
0,0,0,0,0,0,0,0,0,0,0,0,0,0.0,0.0,0.0,0.0,0,0,0,0,0,0.00,0.00,0.00,0.00,0,False,141,Rushworth,GKP,Brighton,4.0
0,0,0,0,0,0,0,0,0,0,0,0,0,0.0,0.0,0.0,0.0,0,0,0,0,0,0.00,0.00,0.00,0.00,0,False,142,Scherpen,GKP,Brighton,4.0
90,0,0,0,1,0,0,0,1,0,0,0,10,20.2,7.8,0.0,2.8,6,7,2,8,1,0.00,0.07,0.07,0.47,1,False,143,Boscagli,DEF,Brighton,4.2
0,0,0,0,0,0,0,0,0,0,0,0,0,0.0,0.0,0.0,0.0,0,0,0,0,0,0.00,0.00,0.00,0.00,0,False,144,Coppola,DEF,Brighton,4.2
0,0,0,0,0,0,0,0,0,0,0,0,0,0.0,0.0,0.0,0.0,0,0,0,0,0,0.00,0.00,0.00,0.00,0,False,145,De Cuyper,DEF,Brighton,4.3
0,0,0,0,0,0,0,0,0,0,0,0,0,0.0,0.0,0.0,0.0,0,0,0,0,0,0.00,0.00,0.00,0.00,0,False,146,Dunk,DEF,Brighton,4.5
0,0,0,0,0,0,0,0,0,0,0,0,0,0.0,0.0,0.0,0.0,0,0,0,0,0,0.00,0.00,0.00,0.00,0,False,147,Estupiñan,DEF,Brighton,4.5
90,0,0,0,1,0,0,0,1,0,0,0,6,8.4,4.9,6.0,1.9,4,3,0,4,1,0.00,0.03,0.03,0.47,1,False,148,F.Kadıoğlu,DEF,Brighton,4.4
0,0,0,0,0,0,0,0,0,0,0,0,0,0.0,0.0,0.0,0.0,0,0,0,0,0,0.00,0.00,0.00,0.00,0,False,149,Igor,DEF,Brighton,4.5
0,0,0,0,0,0,0,0,0,0,0,0,0,0.0,0.0,0.0,0.0,0,0,0,0,0,0.00,0.00,0.00,0.00,0,False,150,Lamptey,DEF,Brighton,4.4
90,0,0,0,1,0,0,0,0,0,0,0,15,29.0,30.7,2.0,6.2,5,1,4,9,1,0.00,0.17,0.17,0.47,2,False,151,Van Hecke,DEF,Brighton,4.4
13,0,0,0,0,0,0,0,0,0,0,0,4,5.8,0.3,0.0,0.6,3,0,0,3,0,0.00,0.00,0.00,0.04,1,False,152,Veltman,DEF,Brighton,4.3
0,0,0,0,0,0,0,0,0,0,0,0,0,0.0,0.0,0.0,0.0,0,0,0,0,0,0.00,0.00,0.00,0.00,0,False,153,Webster,DEF,Brighton,4.4
0,0,0,0,0,0,0,0,0,0,0,0,0,0.0,0.0,0.0,0.0,0,0,0,0,0,0.00,0.00,0.00,0.00,0,False,154,Cashin,DEF,Brighton,4.0
0,0,0,0,0,0,0,0,0,0,0,0,0,0.0,0.0,0.0,0.0,0,0,0,0,0,0.00,0.00,0.00,0.00,0,False,155,Slater,DEF,Brighton,4.0
0,0,0,0,0,0,0,0,0,0,0,0,0,0.0,0.0,0.0,0.0,0,0,0,0,0,0.00,0.00,0.00,0.00,0,False,156,Tasker,DEF,Brighton,3.8
45,0,0,0,1,0,0,0,0,0,0,0,4,0.6,1.4,7.0,0.9,1,0,1,2,1,0.06,0.01,0.07,0.01,1,False,157,Mitoma,MID,Brighton,6.1
90,0,0,0,1,0,0,0,0,0,0,0,19,20.4,23.8,18.0,6.2,3,7,3,13,1,0.21,0.14,0.35,0.47,4,False,158,Georginio,MID,Brighton,5.6
0,0,0,0,0,0,0,0,0,0,0,0,0,0.0,0.0,0.0,0.0,0,0,0,0,0,0.00,0.00,0.00,0.00,0,False,159,March,MID,Brighton,5.8
45,0,0,0,0,0,0,0,0,0,0,0,9,11.4,16.2,10.0,3.8,2,2,1,5,0,0.00,0.02,0.02,0.45,1,False,160,Minteh,MID,Brighton,5.5
0,0,0,0,0,0,0,0,0,0,0,0,0,0.0,0.0,0.0,0.0,0,0,0,0,0,0.00,0.00,0.00,0.00,0,False,161,Enciso,MID,Brighton,5.4
0,0,0,0,0,0,0,0,0,0,0,0,0,0.0,0.0,0.0,0.0,0,0,0,0,0,0.00,0.00,0.00,0.00,0,False,162,Gruda,MID,Brighton,5.4
68,0,0,0,1,0,0,0,0,0,0,0,1,0.0,13.0,17.0,2.6,0,1,0,1,1,0.26,0.00,0.26,0.29,2,False,163,Hinshelwood,MID,Brighton,5.1
0,0,0,0,0,0,0,0,0,0,0,0,0,0.0,0.0,0.0,0.0,0,0,0,0,0,0.00,0.00,0.00,0.00,0,False,164,O'Riley,MID,Brighton,5.5
0,0,0,0,0,0,0,0,0,0,0,0,0,0.0,0.0,0.0,0.0,0,0,0,0,0,0.00,0.00,0.00,0.00,0,False,165,Sima,MID,Brighton,5.4
12,0,0,0,0,0,0,0,1,0,0,0,-3,0.2,0.6,0.0,0.1,1,1,0,2,0,0.00,0.00,0.00,0.04,0,False,166,Ayari,MID,Brighton,4.8
77,0,0,0,1,0,0,0,0,0,0,0,4,5.4,2.8,4.0,1.2,4,6,0,10,1,0.20,0.01,0.21,0.43,2,False,167,Baleba,MID,Brighton,4.5
0,0,0,0,0,0,0,0,0,0,0,0,0,0.0,0.0,0.0,0.0,0,0,0,0,0,0.00,0.00,0.00,0.00,0,False,168,Buonanotte,MID,Leeds,4.6
76,0,0,0,1,0,0,0,1,0,0,0,9,8.8,13.3,10.0,3.2,1,3,5,9,1,0.00,0.03,0.03,0.43,1,False,169,Gomez,MID,Brighton,4.9
0,0,0,0,0,0,0,0,0,0,0,0,0,0.0,0.0,0.0,0.0,0,0,0,0,0,0.00,0.00,0.00,0.00,0,False,170,Milner,MID,Brighton,4.9
0,0,0,0,0,0,0,0,0,0,0,0,0,0.0,0.0,0.0,0.0,0,0,0,0,0,0.00,0.00,0.00,0.00,0,False,171,Sarmiento,MID,Brighton,4.9
0,0,0,0,0,0,0,0,0,0,0,0,0,0.0,0.0,0.0,0.0,0,0,0,0,0,0.00,0.00,0.00,0.00,0,False,172,Watson,MID,Brighton,4.8
76,0,0,0,1,0,0,0,0,0,0,0,20,21.0,2.3,21.0,4.4,7,4,3,14,1,0.08,0.01,0.09,0.43,4,False,173,Wieffer,MID,Brighton,4.9
0,0,0,0,0,0,0,0,0,0,0,0,0,0.0,0.0,0.0,0.0,0,0,0,0,0,0.00,0.00,0.00,0.00,0,False,174,Yalcouye,MID,Brighton,5.0
0,0,0,0,0,0,0,0,0,0,0,0,0,0.0,0.0,0.0,0.0,0,0,0,0,0,0.00,0.00,0.00,0.00,0,False,175,Knight,MID,Brighton,4.4
0,0,0,0,0,0,0,0,0,0,0,0,0,0.0,0.0,0.0,0.0,0,0,0,0,0,0.00,0.00,0.00,0.00,0,False,176,Mazilu,MID,Brighton,4.5
0,0,0,0,0,0,0,0,0,0,0,0,0,0.0,0.0,0.0,0.0,0,0,0,0,0,0.00,0.00,0.00,0.00,0,False,177,Moran,MID,Brighton,4.5
21,0,0,0,0,0,0,0,0,0,0,0,2,0.0,0.1,2.0,0.1,0,0,0,0,0,0.00,0.00,0.00,0.18,1,False,178,Welbeck,FWD,Brighton,6.1
0,0,0,0,0,0,0,0,0,0,0,0,0,0.0,0.0,0.0,0.0,0,0,0,0,0,0.00,0.00,0.00,0.00,0,False,179,Ferguson,FWD,Brighton,5.5
0,0,0,0,0,0,0,0,0,0,0,0,0,0.0,0.0,0.0,0.0,0,0,0,0,0,0.00,0.00,0.00,0.00,0,False,180,Tzimas,FWD,Brighton,5.2
0,0,0,0,0,0,0,0,0,0,0,0,0,0.0,0.0,0.0,0.0,0,0,0,0,0,0.00,0.00,0.00,0.00,0,False,181,Kostoulas,FWD,Brighton,4.8
0,0,0,0,0,0,0,0,0,0,0,0,0,0.0,0.0,0.0,0.0,0,0,0,0,0,0.00,0.00,0.00,0.00,0,False,182,Trafford,GKP,Man City,4.5
0,0,0,0,0,0,0,0,0,0,0,0,0,0.0,0.0,0.0,0.0,0,0,0,0,0,0.00,0.00,0.00,0.00,0,False,183,Weiss,GKP,Burnley,4.3
0,0,0,0,0,0,0,0,0,0,0,0,0,0.0,0.0,0.0,0.0,0,0,0,0,0,0.00,0.00,0.00,0.00,0,False,184,Green,GKP,Burnley,4.0
0,0,0,0,0,0,0,0,0,0,0,0,0,0.0,0.0,0.0,0.0,0,0,0,0,0,0.00,0.00,0.00,0.00,0,False,185,Hladký,GKP,Burnley,3.9
0,0,0,0,0,0,0,0,0,0,0,0,0,0.0,0.0,0.0,0.0,0,0,0,0,0,0.00,0.00,0.00,0.00,0,False,186,Roberts,DEF,Burnley,4.3
90,0,0,0,2,0,0,0,0,0,0,0,12,20.2,3.6,0.0,2.4,8,5,4,12,1,0.00,0.01,0.01,1.30,3,False,187,Walker,DEF,Burnley,4.4
0,0,0,0,0,0,0,0,0,0,0,0,0,0.0,0.0,0.0,0.0,0,0,0,0,0,0.00,0.00,0.00,0.00,0,False,188,Delcroix,DEF,Burnley,3.8
0,0,0,0,0,0,0,0,0,0,0,0,0,0.0,0.0,0.0,0.0,0,0,0,0,0,0.00,0.00,0.00,0.00,0,False,189,Dodgson,DEF,Burnley,4.0
0,0,0,0,0,0,0,0,0,0,0,0,0,0.0,0.0,0.0,0.0,0,0,0,0,0,0.00,0.00,0.00,0.00,0,False,190,Ekdal,DEF,Burnley,3.8
90,0,0,0,2,0,0,0,0,0,0,0,6,16.4,0.9,0.0,1.7,8,4,0,8,1,0.00,0.00,0.00,1.30,1,False,191,Estève,DEF,Burnley,3.9
0,0,0,0,0,0,0,0,0,0,0,0,0,0.0,0.0,0.0,0.0,0,0,0,0,0,0.00,0.00,0.00,0.00,0,False,192,Hartman,DEF,Burnley,4.0
90,0,0,0,2,0,0,0,1,0,0,0,5,14.6,1.8,0.0,1.6,6,3,2,8,1,0.00,0.01,0.01,1.30,0,False,193,Humphreys,DEF,Burnley,3.9
0,0,0,0,0,0,0,0,0,0,0,0,0,0.0,0.0,0.0,0.0,0,0,0,0,0,0.00,0.00,0.00,0.00,0,False,194,Jordan,DEF,Burnley,3.9
90,0,0,0,2,0,0,0,0,0,0,0,10,11.4,33.0,5.0,4.9,2,7,0,2,1,0.02,0.01,0.03,1.30,1,False,195,Lucas Pires,DEF,Burnley,3.8
0,0,0,0,0,0,0,0,0,0,0,0,0,0.0,0.0,0.0,0.0,0,0,0,0,0,0.00,0.00,0.00,0.00,0,False,196,Sambo,DEF,Burnley,4.0
0,0,0,0,0,0,0,0,0,0,0,0,0,0.0,0.0,0.0,0.0,0,0,0,0,0,0.00,0.00,0.00,0.00,0,False,197,Sonne,DEF,Burnley,3.8
0,0,0,0,0,0,0,0,0,0,0,0,0,0.0,0.0,0.0,0.0,0,0,0,0,0,0.00,0.00,0.00,0.00,0,False,198,Tuanzebe,DEF,Burnley,3.9
56,0,0,0,1,0,0,0,0,0,0,0,6,30.2,0.3,2.0,3.3,10,1,1,11,1,0.00,0.00,0.00,0.81,3,False,199,Worrall,DEF,Burnley,3.8
90,0,0,0,2,0,0,0,0,0,0,0,13,8.4,17.7,10.0,3.6,1,10,2,13,1,0.06,0.02,0.08,1.30,4,False,200,Anthony,MID,Burnley,5.0
0,0,0,0,0,0,0,0,0,0,0,0,0,0.0,0.0,0.0,0.0,0,0,0,0,0,0.00,0.00,0.00,0.00,0,False,201,Benson,MID,Burnley,5.4
0,0,0,0,0,0,0,0,0,0,0,0,0,0.0,0.0,0.0,0.0,0,0,0,0,0,0.00,0.00,0.00,0.00,0,False,202,Bruun Larsen,MID,Burnley,5.3
0,0,0,0,0,0,0,0,0,0,0,0,0,0.0,0.0,0.0,0.0,0,0,0,0,0,0.00,0.00,0.00,0.00,0,False,203,Boateng,MID,Burnley,4.7
0,0,0,0,0,0,0,0,0,0,0,0,0,0.0,0.0,0.0,0.0,0,0,0,0,0,0.00,0.00,0.00,0.00,0,False,204,Churlinov,MID,Burnley,4.9
0,0,0,0,0,0,0,0,0,0,0,0,0,0.0,0.0,0.0,0.0,0,0,0,0,0,0.00,0.00,0.00,0.00,0,False,205,Cullen,MID,Burnley,4.9
0,0,0,0,0,0,0,0,0,0,0,0,0,0.0,0.0,0.0,0.0,0,0,0,0,0,0.00,0.00,0.00,0.00,0,False,206,Edwards,MID,Burnley,4.7
71,0,0,0,2,0,0,0,0,0,0,0,7,9.2,3.8,4.0,1.7,2,1,5,8,1,0.00,0.02,0.02,1.22,2,False,207,Hannibal,MID,Burnley,4.7
0,0,0,0,0,0,0,0,0,0,0,0,0,0.0,0.0,0.0,0.0,0,0,0,0,0,0.00,0.00,0.00,0.00,0,False,208,Koleosho,MID,Burnley,5.0
18,0,0,0,0,0,0,0,0,0,0,0,3,1.4,2.3,0.0,0.4,0,3,1,4,0,0.00,0.00,0.00,0.09,1,False,209,Laurent,MID,Burnley,4.8
33,0,0,0,1,0,0,0,0,0,0,0,3,0.8,1.3,0.0,0.2,0,0,0,0,0,0.00,0.02,0.02,0.50,1,False,210,Tchaouna,MID,Burnley,4.9
0,0,0,0,0,0,0,0,0,0,0,0,0,0.0,0.0,0.0,0.0,0,0,0,0,0,0.00,0.00,0.00,0.00,0,False,211,A.Ramsey,MID,Burnley,4.4
0,0,0,0,0,0,0,0,0,0,0,0,0,0.0,0.0,0.0,0.0,0,0,0,0,0,0.00,0.00,0.00,0.00,0,False,212,Adewumi,MID,Burnley,4.5
0,0,0,0,0,0,0,0,0,0,0,0,0,0.0,0.0,0.0,0.0,0,0,0,0,0,0.00,0.00,0.00,0.00,0,False,213,Banel,MID,Burnley,4.5
0,0,0,0,0,0,0,0,0,0,0,0,0,0.0,0.0,0.0,0.0,0,0,0,0,0,0.00,0.00,0.00,0.00,0,False,214,Trésor,MID,Burnley,4.3
0,0,0,0,0,0,0,0,0,0,0,0,0,0.0,0.0,0.0,0.0,0,0,0,0,0,0.00,0.00,0.00,0.00,0,False,215,Flemming,FWD,Burnley,5.3
0,0,0,0,0,0,0,0,0,0,0,0,0,0.0,0.0,0.0,0.0,0,0,0,0,0,0.00,0.00,0.00,0.00,0,False,216,Amdouni,FWD,Burnley,4.8
90,0,0,0,2,0,0,0,0,0,0,0,5,5.2,5.8,43.0,5.4,3,3,0,6,1,0.71,0.01,0.72,1.30,2,False,217,Foster,FWD,Burnley,4.9
7,0,0,0,0,0,0,0,0,0,0,0,2,0.0,0.3,2.0,0.2,0,0,0,0,0,0.00,0.00,0.00,0.00,1,False,218,Barnes,FWD,Burnley,4.2
0,0,0,0,0,0,0,0,0,0,0,0,0,0.0,0.0,0.0,0.0,0,0,0,0,0,0.00,0.00,0.00,0.00,0,False,219,Obafemi,FWD,Burnley,4.4
0,0,0,0,0,0,0,0,0,0,0,0,0,0.0,0.0,0.0,0.0,0,0,0,0,0,0.00,0.00,0.00,0.00,0,False,220,Sánchez,GKP,Chelsea,4.9
90,0,0,0,1,0,0,0,0,0,3,0,17,31.4,0.0,0.0,3.1,1,9,0,0,1,0.00,0.00,0.00,0.78,3,False,221,Jörgensen,GKP,Chelsea,4.3
0,0,0,0,0,0,0,0,0,0,0,0,0,0.0,0.0,0.0,0.0,0,0,0,0,0,0.00,0.00,0.00,0.00,0,False,222,Penders,GKP,Chelsea,4.0
0,0,0,0,0,0,0,0,0,0,0,0,0,0.0,0.0,0.0,0.0,0,0,0,0,0,0.00,0.00,0.00,0.00,0,False,223,Slonina,GKP,Chelsea,3.9
11,0,0,0,0,0,0,0,0,0,0,0,7,4.4,10.3,0.0,1.5,1,0,0,1,0,0.00,0.15,0.15,0.34,1,False,224,Cucurella,DEF,Chelsea,6.0
90,0,0,0,1,0,0,0,0,0,0,0,12,10.8,9.4,9.0,2.9,3,3,1,4,1,0.04,0.02,0.06,0.78,2,False,225,James,DEF,Chelsea,5.6
90,0,0,0,1,0,0,0,0,0,0,0,11,11.6,0.4,0.0,1.2,5,2,1,6,1,0.00,0.00,0.00,0.78,2,False,226,Chalobah,DEF,Chelsea,5.6
0,0,0,0,0,0,0,0,0,0,0,0,0,0.0,0.0,0.0,0.0,0,0,0,0,0,0.00,0.00,0.00,0.00,0,False,227,Colwill,DEF,Chelsea,4.7
74,0,1,0,1,0,0,0,0,0,0,0,20,23.2,13.3,6.0,4.3,1,4,2,3,1,0.00,0.47,0.47,0.44,5,False,228,Gusto,DEF,Chelsea,4.9
0,0,0,0,0,0,0,0,0,0,0,0,0,0.0,0.0,0.0,0.0,0,0,0,0,0,0.00,0.00,0.00,0.00,0,False,229,B.Badiashile,DEF,Chelsea,4.4
78,0,0,0,1,0,0,0,0,0,0,0,7,4.8,0.5,12.0,1.7,3,1,0,3,1,0.25,0.00,0.25,0.44,2,False,230,Fofana,DEF,Chelsea,4.4
0,0,0,0,0,0,0,0,0,0,0,0,0,0.0,0.0,0.0,0.0,0,0,0,0,0,0.00,0.00,0.00,0.00,0,False,231,M.Sarr,DEF,Chelsea,4.5
11,0,0,0,0,0,0,0,0,0,0,0,4,5.0,0.0,0.0,0.5,2,0,0,2,0,0.00,0.00,0.00,0.34,1,False,232,Tosin,DEF,Chelsea,4.0
0,0,0,0,0,0,0,0,0,0,0,0,0,0.0,0.0,0.0,0.0,0,0,0,0,0,0.00,0.00,0.00,0.00,0,False,233,Acheampong,DEF,Chelsea,3.7
0,0,0,0,0,0,0,0,0,0,0,0,0,0.0,0.0,0.0,0.0,0,0,0,0,0,0.00,0.00,0.00,0.00,0,False,234,Anselmino,DEF,Chelsea,4.0
84,1,0,0,1,0,0,0,0,0,0,2,38,47.8,29.0,30.0,10.7,3,7,1,11,1,0.15,0.28,0.43,0.53,9,False,235,Palmer,MID,Chelsea,10.6
0,0,0,0,0,0,0,0,0,0,0,0,0,0.0,0.0,0.0,0.0,0,0,0,0,0,0.00,0.00,0.00,0.00,0,False,236,Neto,MID,Chelsea,7.0
78,0,1,0,1,0,0,0,1,0,0,0,29,26.4,28.3,17.0,7.2,0,8,2,10,1,0.04,0.47,0.51,0.44,4,False,237,Enzo,MID,Chelsea,6.7
0,0,0,0,0,0,0,0,0,0,0,0,0,0.0,0.0,0.0,0.0,0,0,0,0,0,0.00,0.00,0.00,0.00,0,False,238,Estêvão,MID,Chelsea,6.4
0,0,0,0,0,0,0,0,0,0,0,0,0,0.0,0.0,0.0,0.0,0,0,0,0,0,0.00,0.00,0.00,0.00,0,False,239,Gittens,MID,Chelsea,6.0
0,0,0,0,0,0,0,0,0,0,0,0,0,0.0,0.0,0.0,0.0,0,0,0,0,0,0.00,0.00,0.00,0.00,0,False,240,Nkunku,MID,Chelsea,5.9
90,0,0,0,1,0,0,0,0,0,0,0,14,11.2,2.3,0.0,1.4,2,3,0,5,1,0.00,0.02,0.02,0.78,2,False,241,Caicedo,MID,Chelsea,5.7
90,1,0,1,0,0,0,0,0,0,0,1,36,39.4,7.3,36.0,8.3,1,5,2,8,1,0.60,0.03,0.63,0.79,9,False,242,Dewsbury-Hall,MID,Everton,5.1
3,0,0,0,0,0,0,0,0,0,0,0,3,0.0,0.3,0.0,0.0,0,2,0,2,0,0.00,0.00,0.00,0.71,1,False,243,George,MID,Everton,4.8
15,0,0,0,0,0,0,0,0,0,0,0,2,2.2,1.5,0.0,0.4,1,0,0,1,0,0.00,0.00,0.00,0.34,1,False,244,Lavia,MID,Chelsea,4.9
0,0,0,0,0,0,0,0,0,0,0,0,0,0.0,0.0,0.0,0.0,0,0,0,0,0,0.00,0.00,0.00,0.00,0,False,245,Mudryk,MID,Chelsea,4.9
5,0,0,0,0,0,0,0,0,0,0,0,3,2.0,1.0,0.0,0.3,1,0,0,1,0,0.00,0.00,0.00,0.25,1,False,246,Andrey Santos,MID,Chelsea,4.5
0,0,0,0,0,0,0,0,0,0,0,0,0,0.0,0.0,0.0,0.0,0,0,0,0,0,0.00,0.00,0.00,0.00,0,False,247,D.Essugo,MID,Chelsea,4.3
0,0,0,0,0,0,0,0,0,0,0,0,0,0.0,0.0,0.0,0.0,0,0,0,0,0,0.00,0.00,0.00,0.00,0,False,248,Paez,MID,Chelsea,4.5
84,3,1,0,1,0,0,0,1,0,0,3,92,118.6,10.8,110.0,23.9,0,1,2,3,1,2.61,0.00,2.61,0.53,19,True,249,João Pedro,FWD,Chelsea,7.7
5,0,0,0,0,0,0,0,0,0,0,0,2,0.0,3.0,0.0,0.2,0,1,0,1,0,0.00,0.00,0.00,0.25,1,False,250,Delap,FWD,Chelsea,6.2
0,0,0,0,0,0,0,0,0,0,0,0,0,0.0,0.0,0.0,0.0,0,0,0,0,0,0.00,0.00,0.00,0.00,0,False,251,N.Jackson,FWD,Chelsea,6.5
0,0,0,0,0,0,0,0,0,0,0,0,0,0.0,0.0,0.0,0.0,0,0,0,0,0,0.00,0.00,0.00,0.00,0,False,252,Marc Guiu,FWD,Chelsea,4.1
90,0,0,0,1,0,0,0,0,0,3,0,13,27.4,0.0,0.0,2.7,3,4,0,0,1,0.00,0.00,0.00,1.58,3,False,253,Henderson,GKP,Crystal Palace,5.0
0,0,0,0,0,0,0,0,0,0,0,0,0,0.0,0.0,0.0,0.0,0,0,0,0,0,0.00,0.00,0.00,0.00,0,False,254,Benitez,GKP,Crystal Palace,4.0
0,0,0,0,0,0,0,0,0,0,0,0,0,0.0,0.0,0.0,0.0,0,0,0,0,0,0.00,0.00,0.00,0.00,0,False,255,Matthews,GKP,Crystal Palace,3.9
13,0,0,0,0,0,0,0,0,0,0,0,3,2.4,0.1,5.0,0.8,1,1,1,2,1,0.05,0.00,0.05,0.04,1,False,256,Muñoz,DEF,Crystal Palace,5.9
0,0,0,0,0,0,0,0,0,0,0,0,0,0.0,0.0,0.0,0.0,0,0,0,0,0,0.00,0.00,0.00,0.00,0,False,257,Lacroix,DEF,Crystal Palace,5.1
90,0,0,0,1,0,0,0,0,0,0,0,6,12.0,0.6,0.0,1.3,2,5,4,6,1,0.00,0.00,0.00,1.58,2,False,258,Mitchell,DEF,Crystal Palace,5.0
0,0,0,0,0,0,0,0,0,0,0,0,0,0.0,0.0,0.0,0.0,0,0,0,0,0,0.00,0.00,0.00,0.00,0,False,259,Sosa,DEF,Crystal Palace,4.8
90,0,0,0,2,0,0,0,0,0,0,0,4,15.2,5.3,7.0,2.8,3,4,0,3,1,0.24,0.02,0.26,0.97,1,False,260,Guéhi,DEF,Man City,5.2
90,0,0,0,1,0,0,0,0,0,0,0,15,40.2,5.7,4.0,5.0,13,1,2,15,1,0.00,0.04,0.04,1.58,4,False,261,Richards,DEF,Crystal Palace,4.4
90,0,0,0,1,0,0,0,0,0,0,0,15,18.0,2.6,2.0,2.3,4,2,3,7,1,0.00,0.02,0.02,1.58,2,False,262,Chadi Riad,DEF,Crystal Palace,4.0
76,0,0,0,1,0,0,0,1,0,0,0,-1,6.2,7.2,2.0,1.5,3,1,2,5,0,0.00,0.04,0.04,1.54,1,False,263,Clyne,DEF,Crystal Palace,3.8
0,0,0,0,0,0,0,0,0,0,0,0,0,0.0,0.0,0.0,0.0,0,0,0,0,0,0.00,0.00,0.00,0.00,0,False,264,Holding,DEF,Crystal Palace,4.0
0,0,0,0,0,0,0,0,0,0,0,0,0,0.0,0.0,0.0,0.0,0,0,0,0,0,0.00,0.00,0.00,0.00,0,False,265,Kporha,DEF,Crystal Palace,4.0
90,0,0,1,0,0,0,0,0,0,0,0,11,5.2,11.0,0.0,1.6,1,4,1,6,1,0.00,0.07,0.07,0.82,3,False,266,Eze,MID,Arsenal,7.2
90,2,0,0,1,0,0,0,0,0,0,3,42,75.8,1.4,44.0,12.1,3,1,1,5,1,1.16,0.01,1.17,1.58,15,True,267,Sarr,MID,Crystal Palace,6.3
0,0,0,0,0,0,0,0,0,0,0,0,0,0.0,0.0,0.0,0.0,0,0,0,0,0,0.00,0.00,0.00,0.00,0,False,268,Doucouré,MID,Crystal Palace,4.9
0,0,0,0,0,0,0,0,0,0,0,0,0,0.0,0.0,0.0,0.0,0,0,0,0,0,0.00,0.00,0.00,0.00,0,False,269,Esse,MID,Crystal Palace,4.7
9,0,0,0,0,0,0,0,0,0,0,0,5,2.4,0.6,0.0,0.3,0,1,1,2,0,0.00,0.00,0.00,0.22,1,False,270,Hughes,MID,Crystal Palace,4.7
90,0,0,0,1,0,0,0,0,0,0,0,14,8.4,8.6,4.0,2.1,0,2,4,6,1,0.00,0.03,0.03,1.58,2,False,271,Kamada,MID,Crystal Palace,5.0
0,0,0,0,0,0,0,0,0,0,0,0,0,0.0,0.0,0.0,0.0,0,0,0,0,0,0.00,0.00,0.00,0.00,0,False,272,Lerma,MID,Crystal Palace,4.9
80,0,2,0,1,0,0,0,0,0,0,2,40,49.6,31.3,23.0,10.4,2,4,3,9,1,0.12,0.59,0.71,1.36,10,True,273,Wharton,MID,Crystal Palace,5.0
0,0,0,0,0,0,0,0,0,0,0,0,0,0.0,0.0,0.0,0.0,0,0,0,0,0,0.00,0.00,0.00,0.00,0,False,274,Agbinone,MID,Crystal Palace,4.3
0,0,0,0,0,0,0,0,0,0,0,0,0,0.0,0.0,0.0,0.0,0,0,0,0,0,0.00,0.00,0.00,0.00,0,False,275,Ahamada,MID,Crystal Palace,4.3
0,0,0,0,0,0,0,0,0,0,0,0,0,0.0,0.0,0.0,0.0,0,0,0,0,0,0.00,0.00,0.00,0.00,0,False,276,Devenny,MID,Crystal Palace,4.3
0,0,0,0,0,0,0,0,0,0,0,0,0,0.0,0.0,0.0,0.0,0,0,0,0,0,0.00,0.00,0.00,0.00,0,False,277,Ebiowei,MID,Crystal Palace,4.5
0,0,0,0,0,0,0,0,0,0,0,0,0,0.0,0.0,0.0,0.0,0,0,0,0,0,0.00,0.00,0.00,0.00,0,False,278,J.Rak-Sakyi,MID,Crystal Palace,4.4
0,0,0,0,0,0,0,0,0,0,0,0,0,0.0,0.0,0.0,0.0,0,0,0,0,0,0.00,0.00,0.00,0.00,0,False,279,M.França,MID,Crystal Palace,4.5
0,0,0,0,0,0,0,0,0,0,0,0,0,0.0,0.0,0.0,0.0,0,0,0,0,0,0.00,0.00,0.00,0.00,0,False,280,Ozoh,MID,Crystal Palace,4.5
0,0,0,0,0,0,0,0,0,0,0,0,0,0.0,0.0,0.0,0.0,0,0,0,0,0,0.00,0.00,0.00,0.00,0,False,281,Rodney,MID,Crystal Palace,4.4
0,0,0,0,0,0,0,0,0,0,0,0,0,0.0,0.0,0.0,0.0,0,0,0,0,0,0.00,0.00,0.00,0.00,0,False,282,Umeh,MID,Crystal Palace,4.5
0,0,0,0,0,0,0,0,0,0,0,0,0,0.0,0.0,0.0,0.0,0,0,0,0,0,0.00,0.00,0.00,0.00,0,False,283,Mateta,FWD,Crystal Palace,7.5
0,0,0,0,0,0,0,0,0,0,0,0,0,0.0,0.0,0.0,0.0,0,0,0,0,0,0.00,0.00,0.00,0.00,0,False,284,Nketiah,FWD,Crystal Palace,5.4
0,0,0,0,0,0,0,0,0,0,0,0,0,0.0,0.0,0.0,0.0,0,0,0,0,0,0.00,0.00,0.00,0.00,0,False,285,Édouard,FWD,Crystal Palace,5.0
0,0,0,0,0,0,0,0,0,0,0,0,0,0.0,0.0,0.0,0.0,0,0,0,0,0,0.00,0.00,0.00,0.00,0,False,286,Marsh,FWD,Crystal Palace,4.4
90,0,0,1,0,0,0,0,0,0,2,0,29,17.6,0.0,0.0,1.8,0,8,0,0,1,0.00,0.00,0.00,0.79,6,False,287,Pickford,GKP,Everton,5.6
0,0,0,0,0,0,0,0,0,0,0,0,0,0.0,0.0,0.0,0.0,0,0,0,0,0,0.00,0.00,0.00,0.00,0,False,288,Travers,GKP,Everton,4.3
0,0,0,0,0,0,0,0,0,0,0,0,0,0.0,0.0,0.0,0.0,0,0,0,0,0,0.00,0.00,0.00,0.00,0,False,289,Tyrer,GKP,Everton,3.9
82,0,0,1,0,0,0,0,0,0,0,0,28,14.8,2.1,17.0,3.4,3,0,1,4,1,0.06,0.01,0.07,0.08,6,False,290,Branthwaite,DEF,Everton,5.3
90,1,0,1,0,0,0,0,0,0,0,3,42,45.2,0.8,19.0,6.5,3,2,1,4,1,0.13,0.01,0.14,0.79,15,True,291,Tarkowski,DEF,Everton,5.7
90,0,0,1,0,0,0,0,0,0,0,0,30,19.0,5.8,0.0,2.5,7,6,1,8,1,0.00,0.04,0.04,0.79,6,False,292,Mykolenko,DEF,Everton,4.9
90,0,0,1,0,0,0,0,0,0,0,0,29,11.2,2.4,0.0,1.4,1,0,3,4,1,0.00,0.01,0.01,0.79,6,False,293,O'Brien,DEF,Everton,4.9
0,0,0,0,0,0,0,0,0,0,0,0,0,0.0,0.0,0.0,0.0,0,0,0,0,0,0.00,0.00,0.00,0.00,0,False,294,Coleman,DEF,Everton,4.2
7,0,0,0,0,0,0,0,0,0,0,0,8,9.0,0.0,0.0,0.9,6,1,1,7,0,0.00,0.00,0.00,0.71,1,False,295,Keane,DEF,Everton,4.6
0,0,0,0,0,0,0,0,0,0,0,0,0,0.0,0.0,0.0,0.0,0,0,0,0,0,0.00,0.00,0.00,0.00,0,False,296,Patterson,DEF,Everton,4.4
0,0,0,0,0,0,0,0,0,0,0,0,0,0.0,0.0,0.0,0.0,0,0,0,0,0,0.00,0.00,0.00,0.00,0,False,297,Dixon,DEF,Everton,3.8
0,0,0,0,0,0,0,0,0,0,0,0,0,0.0,0.0,0.0,0.0,0,0,0,0,0,0.00,0.00,0.00,0.00,0,False,298,Welch,DEF,Everton,3.8
90,0,1,1,0,0,0,0,0,0,0,0,23,23.2,24.3,8.0,5.6,2,6,0,8,1,0.04,0.42,0.46,0.12,6,False,299,Ndiaye,MID,Everton,6.2
86,0,0,1,0,0,0,0,0,0,0,0,15,10.2,17.5,28.0,5.6,2,10,1,13,1,0.11,0.07,0.18,0.08,5,False,300,McNeil,MID,Everton,5.5
0,0,0,0,0,0,0,0,0,0,0,0,0,0.0,0.0,0.0,0.0,0,0,0,0,0,0.00,0.00,0.00,0.00,0,False,301,Alcaraz,MID,Everton,5.2
86,0,0,1,0,0,0,0,0,0,0,0,12,3.8,8.8,6.0,1.9,2,4,0,6,1,0.08,0.07,0.15,0.08,3,False,302,Gana,MID,Everton,5.4
90,0,1,1,0,0,0,0,0,0,0,2,37,48.2,72.4,0.0,12.1,3,3,7,13,1,0.00,0.19,0.19,0.79,10,False,303,Garner,MID,Everton,5.2
3,0,0,0,0,0,0,0,0,0,0,0,1,0.0,0.3,0.0,0.0,0,1,0,1,0,0.00,0.00,0.00,0.71,1,False,304,Iroegbunam,MID,Everton,4.8
0,0,0,0,0,0,0,0,0,0,0,0,0,0.0,0.0,0.0,0.0,0,0,0,0,0,0.00,0.00,0.00,0.00,0,False,305,Armstrong,MID,Everton,4.5
0,0,0,0,0,0,0,0,0,0,0,0,0,0.0,0.0,0.0,0.0,0,0,0,0,0,0.00,0.00,0.00,0.00,0,False,306,Bates,MID,Everton,4.3
0,0,0,0,0,0,0,0,0,0,0,0,0,0.0,0.0,0.0,0.0,0,0,0,0,0,0.00,0.00,0.00,0.00,0,False,307,Ebere,MID,Everton,4.4
0,0,0,0,0,0,0,0,0,0,0,0,0,0.0,0.0,0.0,0.0,0,0,0,0,0,0.00,0.00,0.00,0.00,0,False,308,Heath,MID,Everton,4.5
0,0,0,0,0,0,0,0,0,0,0,0,0,0.0,0.0,0.0,0.0,0,0,0,0,0,0.00,0.00,0.00,0.00,0,False,309,Metcalfe,MID,Everton,4.5
7,0,0,0,0,0,0,0,0,0,0,0,4,3.2,0.5,4.0,0.8,1,0,1,2,0,0.00,0.00,0.00,0.71,1,False,310,Barry,FWD,Everton,5.7
82,0,0,1,0,0,0,0,0,0,0,0,11,9.6,10.1,18.0,3.8,4,3,0,7,1,0.28,0.00,0.28,0.08,2,False,311,Beto,FWD,Everton,5.0
0,0,0,0,0,0,0,0,0,0,0,0,0,0.0,0.0,0.0,0.0,0,0,0,0,0,0.00,0.00,0.00,0.00,0,False,312,Y.Chermiti,FWD,Everton,4.9
0,0,0,0,0,0,0,0,0,0,0,0,0,0.0,0.0,0.0,0.0,0,0,0,0,0,0.00,0.00,0.00,0.00,0,False,313,Sherif,FWD,Everton,4.4
90,0,0,0,1,0,0,0,0,0,3,0,11,21.2,0.0,0.0,2.1,0,14,0,0,1,0.00,0.00,0.00,1.09,3,False,314,Leno,GKP,Fulham,4.9
0,0,0,0,0,0,0,0,0,0,0,0,0,0.0,0.0,0.0,0.0,0,0,0,0,0,0.00,0.00,0.00,0.00,0,False,315,Benda,GKP,Fulham,4.0
90,0,0,0,1,0,0,0,1,0,0,0,11,24.4,42.3,0.0,6.7,9,5,0,9,1,0.00,0.16,0.16,1.09,1,False,316,Robinson,DEF,Fulham,4.9
0,0,0,0,0,0,0,0,0,0,0,0,0,0.0,0.0,0.0,0.0,0,0,0,0,0,0.00,0.00,0.00,0.00,0,False,317,Andersen,DEF,Fulham,4.5
90,0,0,0,1,0,0,0,1,0,0,0,7,12.0,3.8,0.0,1.6,0,1,4,4,1,0.00,0.01,0.01,1.09,1,False,318,Bassey,DEF,Fulham,4.4
8,0,0,0,0,0,0,0,0,0,0,0,3,2.6,0.7,24.0,2.7,0,0,1,1,0,0.16,0.00,0.16,0.00,1,False,319,Castagne,DEF,Fulham,4.3
90,0,0,0,1,0,0,0,0,0,0,0,10,21.2,0.7,2.0,2.4,4,3,0,4,1,0.00,0.01,0.01,1.09,2,False,320,Diop,DEF,Fulham,4.3
0,0,0,0,0,0,0,0,0,0,0,0,0,0.0,0.0,0.0,0.0,0,0,0,0,0,0.00,0.00,0.00,0.00,0,False,321,J.Cuenca,DEF,Fulham,4.3
81,0,0,0,1,0,0,0,0,0,0,0,12,12.0,15.1,7.0,3.4,4,3,1,5,1,0.06,0.04,0.10,1.09,2,False,322,Tete,DEF,Fulham,4.5
0,0,0,0,0,0,0,0,0,0,0,0,0,0.0,0.0,0.0,0.0,0,0,0,0,0,0.00,0.00,0.00,0.00,0,False,323,Amissah,DEF,Fulham,3.8
90,0,0,0,1,0,0,0,0,0,0,0,12,12.0,25.8,24.0,6.2,3,5,0,8,1,0.04,0.07,0.11,1.09,2,False,324,Iwobi,MID,Fulham,6.4
29,0,0,0,1,0,0,0,0,0,0,0,6,5.8,6.1,35.0,4.7,0,1,0,1,0,0.19,0.01,0.20,0.14,1,False,325,Smith Rowe,MID,Fulham,5.6
2,0,0,0,0,0,0,0,0,0,0,0,1,0.0,0.0,0.0,0.0,0,0,0,0,0,0.00,0.00,0.00,0.05,1,False,326,Adama,MID,West Ham,5.1
0,0,0,0,0,0,0,0,0,0,0,0,0,0.0,0.0,0.0,0.0,0,0,0,0,0,0.00,0.00,0.00,0.00,0,False,327,Andreas,MID,Fulham,5.3
8,0,0,0,0,0,0,0,0,0,0,0,3,0.2,1.8,12.0,1.4,0,0,0,0,0,0.05,0.01,0.06,0.00,1,False,328,Sessegnon,MID,Fulham,5.4
0,0,0,0,0,0,0,0,0,0,0,0,0,0.0,0.0,0.0,0.0,0,0,0,0,0,0.00,0.00,0.00,0.00,0,False,329,Wilson,MID,Fulham,6.0
81,0,0,0,1,0,0,0,0,0,0,0,12,16.0,2.3,4.0,2.2,3,8,1,12,1,0.00,0.01,0.01,1.09,4,False,330,Berge,MID,Fulham,4.9
60,0,0,1,0,0,0,0,0,0,0,0,12,4.6,17.2,0.0,2.2,1,4,0,5,1,0.00,0.06,0.06,0.95,3,False,331,Cairney,MID,Fulham,4.8
0,0,0,0,0,0,0,0,0,0,0,0,0,0.0,0.0,0.0,0.0,0,0,0,0,0,0.00,0.00,0.00,0.00,0,False,332,Lukić,MID,Fulham,4.9
0,0,0,0,0,0,0,0,0,0,0,0,0,0.0,0.0,0.0,0.0,0,0,0,0,0,0.00,0.00,0.00,0.00,0,False,333,Godo,MID,Fulham,4.5
0,0,0,0,0,0,0,0,0,0,0,0,0,0.0,0.0,0.0,0.0,0,0,0,0,0,0.00,0.00,0.00,0.00,0,False,334,Harris,MID,Fulham,4.5
60,0,0,1,0,0,0,0,0,0,0,0,8,2.8,12.3,31.0,4.6,0,3,0,3,1,0.15,0.01,0.16,0.95,3,False,335,King,MID,Fulham,4.4
0,0,0,0,0,0,0,0,0,0,0,0,0,0.0,0.0,0.0,0.0,0,0,0,0,0,0.00,0.00,0.00,0.00,0,False,336,Reed,MID,Fulham,4.3
59,0,0,0,0,0,0,0,0,0,0,0,7,3.0,1.0,4.0,0.8,0,2,2,4,1,0.16,0.04,0.20,0.95,1,False,337,Raúl,FWD,Fulham,6.2
30,0,0,0,1,0,0,0,0,0,0,0,3,0.0,1.3,11.0,1.0,0,0,0,0,0,0.04,0.01,0.05,0.14,1,False,338,Muniz,FWD,Fulham,5.3
0,0,0,0,0,0,0,0,0,0,0,0,0,0.0,0.0,0.0,0.0,0,0,0,0,0,0.00,0.00,0.00,0.00,0,False,339,Meslier,GKP,Leeds,4.1
0,0,0,0,0,0,0,0,0,0,0,0,0,0.0,0.0,0.0,0.0,0,0,0,0,0,0.00,0.00,0.00,0.00,0,False,340,Cairns,GKP,Leeds,3.9
90,0,0,0,1,0,0,0,0,0,0,0,4,7.6,0.0,0.0,0.8,1,7,0,0,1,0.00,0.00,0.00,0.86,2,False,341,Darlow,GKP,Leeds,3.9
83,0,0,0,1,0,0,0,0,0,0,0,1,0.4,1.8,16.0,1.8,1,4,0,1,1,0.22,0.00,0.22,0.86,2,False,342,Bogle,DEF,Leeds,4.4
90,0,0,0,1,0,0,0,0,0,0,0,11,11.4,11.7,7.0,3.0,2,4,0,2,1,0.06,0.06,0.12,0.86,2,False,343,Struijk,DEF,Leeds,4.3
6,0,0,0,0,0,0,0,0,0,0,0,8,9.8,0.8,58.0,6.9,1,3,0,1,0,0.23,0.07,0.30,0.00,1,False,344,Bijol,DEF,Leeds,3.9
0,0,0,0,0,0,0,0,0,0,0,0,0,0.0,0.0,0.0,0.0,0,0,0,0,0,0.00,0.00,0.00,0.00,0,False,345,Bornauw,DEF,Leeds,3.8
0,0,0,0,0,0,0,0,0,0,0,0,0,0.0,0.0,0.0,0.0,0,0,0,0,0,0.00,0.00,0.00,0.00,0,False,346,Byram,DEF,Leeds,3.7
83,0,0,0,1,0,0,0,0,0,0,0,8,1.4,2.3,5.0,0.9,2,4,0,2,1,0.04,0.01,0.05,0.86,2,False,347,Gudmundsson,DEF,Leeds,3.8
90,0,0,0,1,0,0,0,0,0,0,0,11,18.2,1.4,0.0,2.0,5,6,2,7,1,0.00,0.01,0.01,0.86,2,False,348,Rodon,DEF,Leeds,3.9
0,0,0,0,0,0,0,0,0,0,0,0,0,0.0,0.0,0.0,0.0,0,0,0,0,0,0.00,0.00,0.00,0.00,0,False,349,Schmidt,DEF,Leeds,4.0
73,0,0,0,1,0,0,0,0,0,0,0,7,2.2,1.8,14.0,1.8,1,3,1,5,1,0.10,0.01,0.11,0.86,2,False,350,Aaronson,MID,Leeds,5.4
16,0,0,0,0,0,0,0,1,0,0,0,-3,0.0,1.2,4.0,0.3,1,2,0,3,0,0.04,0.01,0.05,0.00,0,False,351,Gnonto,MID,Leeds,5.2
0,0,0,0,0,0,0,0,0,0,0,0,0,0.0,0.0,0.0,0.0,0,0,0,0,0,0.00,0.00,0.00,0.00,0,False,352,Harrison,MID,Leeds,5.1
16,0,0,0,0,0,0,0,0,0,0,0,6,6.2,15.6,4.0,2.6,0,2,0,2,0,0.00,0.02,0.02,0.00,1,False,353,James,MID,Leeds,5.2
90,0,0,0,1,0,0,0,0,0,0,0,14,19.4,27.2,5.0,5.2,4,3,3,10,1,0.05,0.10,0.15,0.86,2,False,354,Ampadu,MID,Leeds,4.9
0,0,0,0,0,0,0,0,0,0,0,0,0,0.0,0.0,0.0,0.0,0,0,0,0,0,0.00,0.00,0.00,0.00,0,False,355,Greenwood,MID,Leeds,4.9
61,0,0,1,0,0,0,0,0,0,0,0,9,1.8,12.3,0.0,1.4,0,1,0,1,1,0.00,0.01,0.01,0.01,3,False,356,Gruev,MID,Leeds,4.7
0,0,0,0,0,0,0,0,0,0,0,0,0,0.0,0.0,0.0,0.0,0,0,0,0,0,0.00,0.00,0.00,0.00,0,False,357,Ramazani,MID,Leeds,4.9
0,0,0,0,0,0,0,0,0,0,0,0,0,0.0,0.0,0.0,0.0,0,0,0,0,0,0.00,0.00,0.00,0.00,0,False,358,Tanaka,MID,Leeds,4.8
0,0,0,0,0,0,0,0,0,0,0,0,0,0.0,0.0,0.0,0.0,0,0,0,0,0,0.00,0.00,0.00,0.00,0,False,359,Crew,MID,Leeds,4.5
0,0,0,0,0,0,0,0,0,0,0,0,0,0.0,0.0,0.0,0.0,0,0,0,0,0,0.00,0.00,0.00,0.00,0,False,360,Gelhardt,MID,Leeds,4.5
0,0,0,0,0,0,0,0,0,0,0,0,0,0.0,0.0,0.0,0.0,0,0,0,0,0,0.00,0.00,0.00,0.00,0,False,361,Gyabi,MID,Leeds,4.5
6,0,0,0,0,0,0,0,0,0,0,0,4,2.4,14.8,6.0,2.3,0,1,0,1,0,0.16,0.05,0.21,0.00,1,False,362,Piroe,FWD,Leeds,4.9
0,0,0,0,0,0,0,0,0,0,0,0,0,0.0,0.0,0.0,0.0,0,0,0,0,0,0.00,0.00,0.00,0.00,0,False,363,Bamford,FWD,Leeds,4.9
0,0,0,0,0,0,0,0,0,0,0,0,0,0.0,0.0,0.0,0.0,0,0,0,0,0,0.00,0.00,0.00,0.00,0,False,364,Mateo Joseph,FWD,Leeds,5.0
28,0,0,0,1,0,0,0,0,0,0,0,4,3.6,21.0,8.0,3.3,0,1,0,1,0,0.00,0.09,0.09,0.85,1,False,365,Nmecha,FWD,Leeds,5.0
90,0,0,0,2,0,0,0,0,0,1,0,9,14.4,0.0,0.0,1.4,0,8,0,0,1,0.00,0.00,0.00,0.44,1,False,366,A.Becker,GKP,Liverpool,5.4
0,0,0,0,0,0,0,0,0,0,0,0,0,0.0,0.0,0.0,0.0,0,0,0,0,0,0.00,0.00,0.00,0.00,0,False,367,Mamardashvili,GKP,Liverpool,4.1
0,0,0,0,0,0,0,0,0,0,0,0,0,0.0,0.0,0.0,0.0,0,0,0,0,0,0.00,0.00,0.00,0.00,0,False,368,Pécsi,GKP,Liverpool,3.8
0,0,0,0,0,0,0,0,0,0,0,0,0,0.0,0.0,0.0,0.0,0,0,0,0,0,0.00,0.00,0.00,0.00,0,False,369,Woodman,GKP,Liverpool,3.9
71,0,0,1,0,0,0,0,0,0,0,1,26,2.8,4.7,8.0,1.6,0,2,1,1,1,0.04,0.02,0.06,0.00,7,False,370,Frimpong,DEF,Liverpool,5.7
64,0,0,1,0,0,0,0,0,0,0,0,25,4.0,13.3,4.0,2.1,0,0,0,0,1,0.00,0.01,0.01,0.00,6,False,371,Kerkez,DEF,Liverpool,5.6
25,0,0,0,2,0,0,0,0,0,0,0,-3,7.6,15.4,0.0,2.3,1,2,0,1,0,0.00,0.05,0.05,0.44,0,False,372,Robertson,DEF,Liverpool,5.7
90,0,0,0,2,0,0,0,0,0,0,0,6,23.6,15.0,26.0,6.5,5,5,0,5,1,0.43,0.23,0.66,0.44,1,False,373,Virgil,DEF,Liverpool,6.2
78,0,0,0,1,0,0,0,0,0,0,0,15,16.0,4.8,0.0,2.1,3,6,1,4,1,0.00,0.02,0.02,0.31,2,False,374,Konaté,DEF,Liverpool,5.5
0,0,0,0,0,0,0,0,0,0,0,0,0,0.0,0.0,0.0,0.0,0,0,0,0,0,0.00,0.00,0.00,0.00,0,False,375,Bradley,DEF,Liverpool,4.9
18,0,0,0,2,0,0,0,0,0,0,0,-7,2.2,0.3,0.0,0.3,1,1,0,1,0,0.00,0.00,0.00,0.44,0,False,376,Gomez,DEF,Liverpool,4.9
0,0,0,0,0,0,0,0,0,0,0,0,0,0.0,0.0,0.0,0.0,0,0,0,0,0,0.00,0.00,0.00,0.00,0,False,377,Tsimikas,DEF,Liverpool,4.8
0,0,0,0,0,0,0,0,0,0,0,0,0,0.0,0.0,0.0,0.0,0,0,0,0,0,0.00,0.00,0.00,0.00,0,False,378,Nallo,DEF,Liverpool,3.7
0,0,0,0,0,0,0,0,0,0,0,0,0,0.0,0.0,0.0,0.0,0,0,0,0,0,0.00,0.00,0.00,0.00,0,False,379,R.Williams,DEF,Liverpool,3.7
0,0,0,0,0,0,0,0,0,0,0,0,0,0.0,0.0,0.0,0.0,0,0,0,0,0,0.00,0.00,0.00,0.00,0,False,380,Ramsay,DEF,Liverpool,3.8
90,1,0,0,2,0,0,0,0,0,0,2,27,40.8,25.1,39.0,10.5,1,5,3,9,1,0.28,0.11,0.39,0.44,9,False,381,M.Salah,MID,Liverpool,14.0
0,0,0,0,0,0,0,0,0,0,0,0,0,0.0,0.0,0.0,0.0,0,0,0,0,0,0.00,0.00,0.00,0.00,0,False,382,Wirtz,MID,Liverpool,8.3
0,0,0,0,0,0,0,0,0,0,0,0,0,0.0,0.0,0.0,0.0,0,0,0,0,0,0.00,0.00,0.00,0.00,0,False,383,Luis Díaz,MID,Liverpool,8.0
64,0,0,1,0,0,0,0,0,0,0,0,6,2.6,4.3,33.0,4.0,0,3,1,4,1,0.65,0.05,0.70,0.00,3,False,384,Gakpo,MID,Liverpool,7.3
11,0,0,0,1,0,0,0,0,0,0,0,4,1.0,2.5,11.0,1.5,0,0,0,0,0,0.11,0.01,0.12,0.13,1,False,385,Chiesa,MID,Liverpool,6.3
90,0,0,0,2,0,0,0,0,0,0,0,11,14.6,26.5,10.0,5.1,3,1,4,8,1,0.08,0.05,0.13,0.44,2,False,386,Mac Allister,MID,Liverpool,6.3
90,0,0,0,2,0,0,0,0,0,0,1,26,26.4,55.8,16.0,9.8,3,9,3,15,1,0.08,0.17,0.25,0.44,5,False,387,Szoboszlai,MID,Liverpool,6.9
45,0,0,0,2,0,0,0,0,0,0,0,6,8.2,15.3,10.0,3.4,1,4,2,7,0,0.04,0.02,0.06,0.44,1,False,388,C.Jones,MID,Liverpool,5.4
0,0,0,0,0,0,0,0,0,0,0,0,0,0.0,0.0,0.0,0.0,0,0,0,0,0,0.00,0.00,0.00,0.00,0,False,389,Elliott,MID,Aston Villa,5.1
45,0,0,0,0,0,0,0,1,0,0,0,-6,0.0,3.6,0.0,0.0,0,1,0,1,1,0.00,0.01,0.01,0.00,0,False,390,Gravenberch,MID,Liverpool,5.5
0,0,0,0,0,0,0,0,0,0,0,0,0,0.0,0.0,0.0,0.0,0,0,0,0,0,0.00,0.00,0.00,0.00,0,False,391,Gannon-Doak,MID,Bournemouth,4.8
0,0,0,0,0,0,0,0,0,0,0,0,0,0.0,0.0,0.0,0.0,0,0,0,0,0,0.00,0.00,0.00,0.00,0,False,392,Endo,MID,Liverpool,4.9
0,0,0,0,0,0,0,0,0,0,0,0,0,0.0,0.0,0.0,0.0,0,0,0,0,0,0.00,0.00,0.00,0.00,0,False,393,Bajcetic,MID,Liverpool,4.2
0,0,0,0,0,0,0,0,0,0,0,0,0,0.0,0.0,0.0,0.0,0,0,0,0,0,0.00,0.00,0.00,0.00,0,False,394,McConnell,MID,Liverpool,4.4
0,0,0,0,0,0,0,0,0,0,0,0,0,0.0,0.0,0.0,0.0,0,0,0,0,0,0.00,0.00,0.00,0.00,0,False,395,Morton,MID,Liverpool,4.5
0,0,0,0,0,0,0,0,0,0,0,0,0,0.0,0.0,0.0,0.0,0,0,0,0,0,0.00,0.00,0.00,0.00,0,False,396,Nyoni,MID,Liverpool,4.3
0,0,0,0,0,0,0,0,0,0,0,0,0,0.0,0.0,0.0,0.0,0,0,0,0,0,0.00,0.00,0.00,0.00,0,False,397,Darwin,FWD,Liverpool,6.5
0,0,0,0,0,0,0,0,0,0,0,0,0,0.0,0.0,0.0,0.0,0,0,0,0,0,0.00,0.00,0.00,0.00,0,False,398,Danns,FWD,Liverpool,4.3
0,0,0,0,0,0,0,0,0,0,0,0,0,0.0,0.0,0.0,0.0,0,0,0,0,0,0.00,0.00,0.00,0.00,0,False,399,Ederson M.,GKP,Man City,5.3
0,0,0,0,0,0,0,0,0,0,0,0,0,0.0,0.0,0.0,0.0,0,0,0,0,0,0.00,0.00,0.00,0.00,0,False,400,Ortega Moreno,GKP,Nott'm Forest,4.7
0,0,0,0,0,0,0,0,0,0,0,0,0,0.0,0.0,0.0,0.0,0,0,0,0,0,0.00,0.00,0.00,0.00,0,False,401,Bettinelli,GKP,Man City,3.8
76,0,1,0,2,0,0,0,0,0,0,0,22,28.6,35.2,2.0,6.6,2,6,1,3,1,0.00,0.26,0.26,0.82,4,False,402,Aït-Nouri,DEF,Man City,5.7
0,0,0,0,0,0,0,0,0,0,0,0,0,0.0,0.0,0.0,0.0,0,0,0,0,0,0.00,0.00,0.00,0.00,0,False,403,Gvardiol,DEF,Man City,5.9
0,0,0,0,0,0,0,0,0,0,0,0,0,0.0,0.0,0.0,0.0,0,0,0,0,0,0.00,0.00,0.00,0.00,0,False,404,Akanji,DEF,Man City,5.4
0,0,0,0,0,0,0,0,0,0,0,0,0,0.0,0.0,0.0,0.0,0,0,0,0,0,0.00,0.00,0.00,0.00,0,False,405,Aké,DEF,Man City,5.2
13,0,0,0,0,0,0,0,0,0,0,0,2,1.2,1.4,0.0,0.3,0,1,0,0,0,0.00,0.01,0.01,0.15,1,False,406,Khusanov,DEF,Man City,5.4
90,0,0,0,2,0,0,0,0,0,0,0,5,13.4,29.6,14.0,5.7,0,2,2,2,1,0.00,0.06,0.06,0.97,1,False,407,Matheus N.,DEF,Man City,5.4
90,0,0,0,2,0,0,0,0,0,0,0,7,21.4,19.4,0.0,4.1,3,5,1,4,1,0.00,0.10,0.10,0.97,1,False,408,Rúben,DEF,Man City,5.5
0,0,0,0,0,0,0,0,0,0,0,0,0,0.0,0.0,0.0,0.0,0,0,0,0,0,0.00,0.00,0.00,0.00,0,False,409,Stones,DEF,Man City,5.4
0,0,0,0,0,0,0,0,0,0,0,0,0,0.0,0.0,0.0,0.0,0,0,0,0,0,0.00,0.00,0.00,0.00,0,False,410,Lewis,DEF,Man City,4.6
0,0,0,0,0,0,0,0,0,0,0,0,0,0.0,0.0,0.0,0.0,0,0,0,0,0,0.00,0.00,0.00,0.00,0,False,411,O'Reilly,DEF,Man City,5.1
0,0,0,0,0,0,0,0,0,0,0,0,0,0.0,0.0,0.0,0.0,0,0,0,0,0,0.00,0.00,0.00,0.00,0,False,412,Vitor Reis,DEF,Man City,5.0
0,0,0,0,0,0,0,0,0,0,0,0,0,0.0,0.0,0.0,0.0,0,0,0,0,0,0.00,0.00,0.00,0.00,0,False,413,Marmoush,MID,Man City,8.3
76,0,0,0,2,0,0,0,0,0,0,0,20,14.8,40.7,16.0,7.2,2,3,1,6,1,0.05,0.18,0.23,0.82,2,False,414,Foden,MID,Man City,8.1
8,0,0,0,0,0,0,0,0,0,0,0,2,6.0,0.8,14.0,2.1,0,0,0,0,0,0.49,0.01,0.50,0.11,1,False,415,Savinho,MID,Man City,6.9
90,0,0,0,2,0,0,0,0,0,0,0,22,24.4,49.3,60.0,13.4,1,3,1,5,1,0.28,0.35,0.63,0.97,2,False,416,Bernardo,MID,Man City,6.2
81,0,1,0,2,0,0,0,0,0,0,0,28,27.6,59.9,11.0,9.9,0,3,1,4,1,0.31,0.60,0.91,0.86,5,False,417,Cherki,MID,Man City,6.4
13,0,0,0,0,0,0,0,0,0,0,0,7,2.4,10.8,1.0,1.4,0,3,1,4,0,0.04,0.11,0.15,0.15,1,False,418,Doku,MID,Man City,6.4
0,0,0,0,0,0,0,0,0,0,0,0,0,0.0,0.0,0.0,0.0,0,0,0,0,0,0.00,0.00,0.00,0.00,0,False,419,Grealish,MID,Everton,6.3
0,0,0,0,0,0,0,0,0,0,0,0,0,0.0,0.0,0.0,0.0,0,0,0,0,0,0.00,0.00,0.00,0.00,0,False,420,Gündoğan,MID,Man City,6.3
90,1,0,0,2,0,0,0,0,0,0,2,34,45.0,31.5,42.0,11.9,0,9,1,10,1,0.37,0.18,0.55,0.97,9,False,421,Rodrigo,MID,Man City,6.3
0,0,0,0,0,0,0,0,0,0,0,0,0,0.0,0.0,0.0,0.0,0,0,0,0,0,0.00,0.00,0.00,0.00,0,False,422,Kovačić,MID,Man City,5.8
0,0,0,0,0,0,0,0,0,0,0,0,0,0.0,0.0,0.0,0.0,0,0,0,0,0,0.00,0.00,0.00,0.00,0,False,423,N.Gonzalez,MID,Man City,5.9
29,0,0,0,1,0,0,0,0,0,0,0,6,5.8,15.0,0.0,2.1,0,1,0,1,0,0.00,0.13,0.13,0.14,1,False,424,Bobb,MID,Fulham,5.1
0,0,0,0,0,0,0,0,0,0,0,0,0,0.0,0.0,0.0,0.0,0,0,0,0,0,0.00,0.00,0.00,0.00,0,False,425,Echeverri,MID,Man City,5.4
0,0,0,0,0,0,0,0,0,0,0,0,0,0.0,0.0,0.0,0.0,0,0,0,0,0,0.00,0.00,0.00,0.00,0,False,426,McAtee,MID,Nott'm Forest,5.0
0,0,0,0,0,0,0,0,0,0,0,0,0,0.0,0.0,0.0,0.0,0,0,0,0,0,0.00,0.00,0.00,0.00,0,False,427,Reijnders,MID,Man City,5.0
0,0,0,0,0,0,0,0,0,0,0,0,0,0.0,0.0,0.0,0.0,0,0,0,0,0,0.00,0.00,0.00,0.00,0,False,428,Nypan,MID,Man City,5.0
0,0,0,0,0,0,0,0,0,0,0,0,0,0.0,0.0,0.0,0.0,0,0,0,0,0,0.00,0.00,0.00,0.00,0,False,429,Phillips,MID,Man City,4.7
90,0,0,0,2,0,0,0,0,0,0,0,0,0.0,1.8,19.0,2.1,2,1,0,3,1,0.10,0.03,0.13,0.97,2,False,430,Haaland,FWD,Man City,14.6
0,0,0,0,0,0,0,0,0,0,0,0,0,0.0,0.0,0.0,0.0,0,0,0,0,0,0.00,0.00,0.00,0.00,0,False,431,Bayindir,GKP,Man Utd,4.7
0,0,0,0,0,0,0,0,0,0,0,0,0,0.0,0.0,0.0,0.0,0,0,0,0,0,0.00,0.00,0.00,0.00,0,False,432,Onana,GKP,Man Utd,4.9
0,0,0,0,0,0,0,0,0,0,0,0,0,0.0,0.0,0.0,0.0,0,0,0,0,0,0.00,0.00,0.00,0.00,0,False,433,Harrison,GKP,Man Utd,4.0
0,0,0,0,0,0,0,0,0,0,0,0,0,0.0,0.0,0.0,0.0,0,0,0,0,0,0.00,0.00,0.00,0.00,0,False,434,Heaton,GKP,Man Utd,3.9
0,0,0,0,0,0,0,0,0,0,0,0,0,0.0,0.0,0.0,0.0,0,0,0,0,0,0.00,0.00,0.00,0.00,0,False,435,Mee,GKP,Man Utd,3.9
0,0,0,0,0,0,0,0,0,0,0,0,0,0.0,0.0,0.0,0.0,0,0,0,0,0,0.00,0.00,0.00,0.00,0,False,436,De Ligt,DEF,Man Utd,4.9
0,0,0,0,0,0,0,0,0,0,0,0,0,0.0,0.0,0.0,0.0,0,0,0,0,0,0.00,0.00,0.00,0.00,0,False,437,Martinez,DEF,Man Utd,4.8
84,0,0,0,1,0,0,0,1,0,0,0,9,6.0,6.1,2.0,1.4,4,1,1,5,1,0.06,0.02,0.08,2.44,1,False,438,Mazraoui,DEF,Man Utd,4.9
0,0,0,0,0,0,0,0,0,0,0,0,0,0.0,0.0,0.0,0.0,0,0,0,0,0,0.00,0.00,0.00,0.00,0,False,439,D.Leon,DEF,Man Utd,4.2
29,0,0,0,1,0,0,0,0,0,0,0,-1,2.0,1.9,2.0,0.6,1,6,0,1,0,0.00,0.01,0.01,1.15,1,False,440,Dalot,DEF,Man Utd,4.6
0,0,0,0,0,0,0,0,0,0,0,0,0,0.0,0.0,0.0,0.0,0,0,0,0,0,0.00,0.00,0.00,0.00,0,False,441,Dorgu,DEF,Man Utd,4.2
90,0,0,0,2,0,0,0,0,0,0,0,4,10.0,1.2,6.0,1.7,3,4,1,4,1,0.00,0.01,0.01,2.48,1,False,442,Maguire,DEF,Man Utd,4.4
60,0,0,0,1,0,0,0,1,0,0,0,0,3.0,2.3,0.0,0.5,4,1,0,4,1,0.00,0.01,0.01,1.34,1,False,443,Shaw,DEF,Man Utd,4.5
90,0,0,0,2,0,0,0,0,0,0,0,7,16.4,4.0,17.0,3.7,5,2,1,6,1,0.26,0.13,0.39,2.48,1,False,444,Yoro,DEF,Man Utd,4.1
0,0,0,0,0,0,0,0,0,0,0,0,0,0.0,0.0,0.0,0.0,0,0,0,0,0,0.00,0.00,0.00,0.00,0,False,445,Amass,DEF,Man Utd,4.0
0,0,0,0,0,0,0,0,0,0,0,0,0,0.0,0.0,0.0,0.0,0,0,0,0,0,0.00,0.00,0.00,0.00,0,False,446,Fredricson,DEF,Man Utd,3.7
0,0,0,0,0,0,0,0,0,0,0,0,0,0.0,0.0,0.0,0.0,0,0,0,0,0,0.00,0.00,0.00,0.00,0,False,447,Heaven,DEF,Man Utd,3.7
5,0,0,0,1,0,0,0,0,0,0,0,-1,0.6,0.5,0.0,0.1,0,2,0,0,0,0.00,0.00,0.00,0.05,1,False,448,Malacia,DEF,Man Utd,3.8
90,0,1,0,2,0,0,0,0,0,0,3,36,35.0,103.7,5.0,14.4,1,6,3,10,1,0.03,1.25,1.28,2.48,8,False,449,B.Fernandes,MID,Man Utd,10.1
90,0,0,0,2,0,0,0,0,0,0,0,17,15.0,19.0,35.0,6.9,4,4,1,9,1,0.18,0.06,0.24,2.48,2,False,450,Cunha,MID,Man Utd,8.0
0,0,0,0,0,0,0,0,0,0,0,0,0,0.0,0.0,0.0,0.0,0,0,0,0,0,0.00,0.00,0.00,0.00,0,False,451,Rashford,MID,Man Utd,7.0
14,0,0,0,1,0,0,0,0,0,0,0,3,0.2,0.8,2.0,0.3,0,1,0,1,0,0.00,0.04,0.04,0.64,1,False,452,Amad,MID,Man Utd,6.2
90,0,1,0,1,0,0,0,0,0,0,1,31,42.4,71.9,45.0,15.9,0,2,4,6,1,0.46,0.86,1.32,0.78,6,False,453,Garnacho,MID,Chelsea,6.4
0,0,0,0,0,0,0,0,0,0,0,0,0,0.0,0.0,0.0,0.0,0,0,0,0,0,0.00,0.00,0.00,0.00,0,False,454,Antony,MID,Man Utd,5.9
0,0,0,0,0,0,0,0,0,0,0,0,0,0.0,0.0,0.0,0.0,0,0,0,0,0,0.00,0.00,0.00,0.00,0,False,455,Mount,MID,Man Utd,5.9
27,0,0,0,1,0,0,0,0,0,0,0,6,7.2,27.5,4.0,3.9,0,1,0,1,0,0.00,0.15,0.15,1.34,1,False,456,Sancho,MID,Aston Villa,5.8
60,1,0,0,1,0,0,0,0,0,0,1,26,39.6,3.6,17.0,6.0,3,4,1,8,1,0.07,0.01,0.08,1.34,8,False,457,Casemiro,MID,Man Utd,5.6
75,0,0,0,1,0,0,0,0,0,0,0,15,5.4,5.5,9.0,2.0,1,5,0,6,1,0.03,0.02,0.05,1.85,2,False,458,Mainoo,MID,Man Utd,4.6
29,0,0,0,1,0,0,0,0,0,0,0,2,5.0,1.5,6.0,1.3,1,2,2,5,0,0.19,0.00,0.19,1.15,1,False,459,Ugarte,MID,Man Utd,4.7
0,0,0,0,0,0,0,0,0,0,0,0,0,0.0,0.0,0.0,0.0,0,0,0,0,0,0.00,0.00,0.00,0.00,0,False,460,Collyer,MID,Man Utd,4.5
0,0,0,0,0,0,0,0,0,0,0,0,0,0.0,0.0,0.0,0.0,0,0,0,0,0,0.00,0.00,0.00,0.00,0,False,461,Fitzgerald,MID,Man Utd,4.3
0,0,0,0,0,0,0,0,0,0,0,0,0,0.0,0.0,0.0,0.0,0,0,0,0,0,0.00,0.00,0.00,0.00,0,False,462,J.Fletcher,MID,Man Utd,4.3
0,0,0,0,0,0,0,0,0,0,0,0,0,0.0,0.0,0.0,0.0,0,0,0,0,0,0.00,0.00,0.00,0.00,0,False,463,Kone,MID,Man Utd,4.3
0,0,0,0,0,0,0,0,0,0,0,0,0,0.0,0.0,0.0,0.0,0,0,0,0,0,0.00,0.00,0.00,0.00,0,False,464,Moorhouse,MID,Man Utd,4.5
0,0,0,0,0,0,0,0,0,0,0,0,0,0.0,0.0,0.0,0.0,0,0,0,0,0,0.00,0.00,0.00,0.00,0,False,465,Højlund,FWD,Man Utd,6.3
13,0,0,0,1,0,0,0,0,0,0,0,8,8.6,18.8,13.0,4.0,0,1,0,1,0,0.02,0.02,0.04,0.64,1,False,466,Zirkzee,FWD,Man Utd,5.8
0,0,0,0,0,0,0,0,0,0,0,0,0,0.0,0.0,0.0,0.0,0,0,0,0,0,0.00,0.00,0.00,0.00,0,False,467,Obi,FWD,Man Utd,4.2
0,0,0,0,0,0,0,0,0,0,0,0,0,0.0,0.0,0.0,0.0,0,0,0,0,0,0.00,0.00,0.00,0.00,0,False,468,Wheatley,FWD,Man Utd,4.5
0,0,0,0,0,0,0,0,0,0,0,0,0,0.0,0.0,0.0,0.0,0,0,0,0,0,0.00,0.00,0.00,0.00,0,False,469,Pope,GKP,Newcastle,5.1
90,0,0,0,2,0,0,0,0,0,3,0,9,23.4,0.0,0.0,2.3,1,8,0,0,1,0.00,0.00,0.00,1.30,2,False,470,Dúbravka,GKP,Burnley,4.0
0,0,0,0,0,0,0,0,0,0,0,0,0,0.0,0.0,0.0,0.0,0,0,0,0,0,0.00,0.00,0.00,0.00,0,False,471,Gillespie,GKP,Newcastle,3.9
0,0,0,0,0,0,0,0,0,0,0,0,0,0.0,0.0,0.0,0.0,0,0,0,0,0,0.00,0.00,0.00,0.00,0,False,472,Odysseas,GKP,Newcastle,4.0
90,0,0,0,1,0,0,0,0,0,0,0,10,9.8,5.4,6.0,2.1,5,4,1,6,1,0.06,0.02,0.08,1.48,2,False,473,Hall,DEF,Newcastle,5.3
0,0,0,0,0,0,0,0,0,0,0,0,0,0.0,0.0,0.0,0.0,0,0,0,0,0,0.00,0.00,0.00,0.00,0,False,474,Schär,DEF,Newcastle,5.2
1,0,0,0,0,0,0,0,0,0,0,0,3,0.0,0.0,0.0,0.0,0,0,0,0,0,0.00,0.00,0.00,0.00,1,False,475,Botman,DEF,Newcastle,4.9
90,0,0,0,1,0,0,0,0,0,0,0,12,23.6,0.4,2.0,2.6,6,5,2,8,1,0.00,0.00,0.00,1.48,2,False,476,Burn,DEF,Newcastle,5.0
0,0,0,0,0,0,0,0,0,0,0,0,0,0.0,0.0,0.0,0.0,0,0,0,0,0,0.00,0.00,0.00,0.00,0,False,477,Livramento,DEF,Newcastle,4.9
90,0,1,0,1,0,0,0,1,0,0,0,23,42.8,16.8,2.0,6.2,12,3,4,16,1,0.00,0.06,0.06,1.48,6,False,478,Trippier,DEF,Newcastle,4.9
0,0,0,0,0,0,0,0,0,0,0,0,0,0.0,0.0,0.0,0.0,0,0,0,0,0,0.00,0.00,0.00,0.00,0,False,479,Krafth,DEF,Newcastle,4.3
0,0,0,0,0,0,0,0,0,0,0,0,0,0.0,0.0,0.0,0.0,0,0,0,0,0,0.00,0.00,0.00,0.00,0,False,480,Lascelles,DEF,Newcastle,4.3
0,0,0,0,0,0,0,0,0,0,0,0,0,0.0,0.0,0.0,0.0,0,0,0,0,0,0.00,0.00,0.00,0.00,0,False,481,A.Murphy,DEF,Newcastle,3.8
0,0,0,0,0,0,0,0,0,0,0,0,0,0.0,0.0,0.0,0.0,0,0,0,0,0,0.00,0.00,0.00,0.00,0,False,482,Ashby,DEF,Newcastle,3.9
0,0,0,0,0,0,0,0,0,0,0,0,0,0.0,0.0,0.0,0.0,0,0,0,0,0,0.00,0.00,0.00,0.00,0,False,483,Pivas,DEF,Newcastle,3.8
0,0,0,0,0,0,0,0,0,0,0,0,0,0.0,0.0,0.0,0.0,0,0,0,0,0,0.00,0.00,0.00,0.00,0,False,484,Targett,DEF,Newcastle,4.0
84,1,0,0,1,0,0,0,0,0,0,0,24,39.8,24.2,37.0,10.1,1,5,1,7,1,1.32,0.13,1.45,1.19,7,False,485,Gordon,MID,Newcastle,7.2
83,0,0,0,1,0,0,0,0,0,0,0,12,6.8,27.2,10.0,4.4,0,4,1,5,1,0.07,0.29,0.36,1.19,2,False,486,Elanga,MID,Newcastle,6.5
45,0,0,0,1,0,0,0,0,0,0,0,6,2.4,1.3,45.0,4.9,0,0,1,1,1,0.26,0.01,0.27,0.75,1,False,487,Barnes,MID,Newcastle,6.1
0,0,0,0,0,0,0,0,0,0,0,0,0,0.0,0.0,0.0,0.0,0,0,0,0,0,0.00,0.00,0.00,0.00,0,False,488,Bruno G.,MID,Newcastle,6.8
6,0,0,0,0,0,0,0,0,0,0,0,3,1.0,0.0,0.0,0.1,1,0,0,1,0,0.00,0.00,0.00,0.30,1,False,489,J.Murphy,MID,Newcastle,5.9
90,0,0,0,1,0,0,0,1,0,0,0,8,7.6,4.4,7.0,1.9,3,6,2,11,1,0.12,0.04,0.16,1.48,1,False,490,Joelinton,MID,Newcastle,5.9
90,0,0,0,1,0,0,0,0,0,0,0,17,12.8,40.7,1.0,5.5,4,5,0,9,1,0.02,0.49,0.51,1.48,2,False,491,Tonali,MID,Newcastle,5.3
0,0,0,0,0,0,0,0,0,0,0,0,0,0.0,0.0,0.0,0.0,0,0,0,0,0,0.00,0.00,0.00,0.00,0,False,492,Antoñito C.,MID,Newcastle,4.9
0,0,0,0,0,0,0,0,0,0,0,0,0,0.0,0.0,0.0,0.0,0,0,0,0,0,0.00,0.00,0.00,0.00,0,False,493,Longstaff,MID,Leeds,4.8
45,0,0,0,0,0,0,0,0,0,0,0,6,3.2,1.5,0.0,0.5,2,4,1,7,0,0.00,0.00,0.00,0.74,1,False,494,Willock,MID,Newcastle,5.0
0,0,0,0,0,0,0,0,0,0,0,0,0,0.0,0.0,0.0,0.0,0,0,0,0,0,0.00,0.00,0.00,0.00,0,False,495,Hayden,MID,Newcastle,4.5
0,0,0,0,0,0,0,0,0,0,0,0,0,0.0,0.0,0.0,0.0,0,0,0,0,0,0.00,0.00,0.00,0.00,0,False,496,Kuol,MID,Newcastle,4.4
0,0,0,0,0,0,0,0,0,0,0,0,0,0.0,0.0,0.0,0.0,0,0,0,0,0,0.00,0.00,0.00,0.00,0,False,497,L.Miley,MID,Newcastle,4.4
0,0,0,0,0,0,0,0,0,0,0,0,0,0.0,0.0,0.0,0.0,0,0,0,0,0,0.00,0.00,0.00,0.00,0,False,498,White,MID,Newcastle,4.5
0,0,0,0,0,0,0,0,0,0,0,0,0,0.0,0.0,0.0,0.0,0,0,0,0,0,0.00,0.00,0.00,0.00,0,False,499,Isak,FWD,Liverpool,10.3
5,1,0,0,0,0,0,0,0,0,0,2,34,35.0,0.3,17.0,5.2,0,2,1,3,0,0.05,0.00,0.05,0.30,7,False,500,Osula,FWD,Newcastle,5.4
0,0,0,0,0,0,0,0,0,0,0,0,0,0.0,0.0,0.0,0.0,0,0,0,0,0,0.00,0.00,0.00,0.00,0,False,501,Neave,FWD,Newcastle,4.3
90,0,0,0,2,0,0,0,1,0,3,0,5,20.2,0.0,0.0,2.0,0,9,0,0,1,0.00,0.00,0.00,2.12,1,False,502,Sels,GKP,Nott'm Forest,4.6
0,0,0,0,0,0,0,0,0,0,0,0,0,0.0,0.0,0.0,0.0,0,0,0,0,0,0.00,0.00,0.00,0.00,0,False,503,C.Miguel,GKP,Nott'm Forest,4.0
0,0,0,0,0,0,0,0,0,0,0,0,0,0.0,0.0,0.0,0.0,0,0,0,0,0,0.00,0.00,0.00,0.00,0,False,504,Turner,GKP,Nott'm Forest,4.0
90,0,0,0,2,0,0,0,1,0,0,0,2,12.2,0.1,4.0,1.6,4,1,0,4,1,0.00,0.00,0.00,2.12,0,False,505,Milenković,DEF,Nott'm Forest,5.1
90,0,0,0,2,0,0,0,1,0,0,0,13,32.0,0.1,0.0,3.2,12,2,0,12,1,0.00,0.00,0.00,2.12,2,False,506,Murillo,DEF,Nott'm Forest,5.2
90,0,0,0,2,0,0,0,0,0,0,0,8,17.0,4.8,0.0,2.2,4,2,3,7,1,0.00,0.01,0.01,2.12,1,False,507,Aina,DEF,Nott'm Forest,4.7
89,0,0,0,2,0,0,0,0,0,0,0,3,15.2,11.0,0.0,2.6,4,7,3,7,1,0.00,0.01,0.01,1.34,1,False,508,N.Williams,DEF,Nott'm Forest,4.7
0,0,0,0,0,0,0,0,0,0,0,0,0,0.0,0.0,0.0,0.0,0,0,0,0,0,0.00,0.00,0.00,0.00,0,False,509,David Carmo,DEF,Nott'm Forest,4.5
90,0,0,0,2,0,0,0,0,0,0,0,5,14.2,0.1,0.0,1.4,5,1,1,6,1,0.00,0.00,0.00,2.12,1,False,510,Jair Cunha,DEF,Nott'm Forest,4.2
1,0,0,0,0,0,0,0,0,0,0,0,14,9.0,0.0,0.0,0.9,4,0,0,4,0,0.00,0.00,0.00,0.79,1,False,511,Morato,DEF,Nott'm Forest,4.3
0,0,0,0,0,0,0,0,0,0,0,0,0,0.0,0.0,0.0,0.0,0,0,0,0,0,0.00,0.00,0.00,0.00,0,False,512,O.Richards,DEF,Nott'm Forest,4.5
0,0,0,0,0,0,0,0,0,0,0,0,0,0.0,0.0,0.0,0.0,0,0,0,0,0,0.00,0.00,0.00,0.00,0,False,513,Abbott,DEF,Nott'm Forest,3.8
0,0,0,0,0,0,0,0,0,0,0,0,0,0.0,0.0,0.0,0.0,0,0,0,0,0,0.00,0.00,0.00,0.00,0,False,514,Boly,DEF,Nott'm Forest,3.8
89,1,0,0,2,0,0,0,0,0,0,1,31,41.6,15.3,55.0,11.2,0,5,1,6,1,0.71,0.02,0.73,1.34,8,False,515,Gibbs-White,MID,Nott'm Forest,7.3
27,0,1,0,0,0,0,0,0,0,0,0,13,19.4,11.3,0.0,3.1,0,2,1,3,0,0.00,0.01,0.01,1.07,4,False,516,Hudson-Odoi,MID,Nott'm Forest,5.7
90,1,0,0,2,0,0,0,0,0,0,3,46,56.8,18.3,17.0,9.2,4,6,5,15,1,0.10,0.08,0.18,2.12,12,True,517,Anderson,MID,Nott'm Forest,5.5
0,0,0,0,0,0,0,0,0,0,0,0,0,0.0,0.0,0.0,0.0,0,0,0,0,0,0.00,0.00,0.00,0.00,0,False,518,Jota,MID,Nott'm Forest,5.4
63,0,0,0,2,0,0,0,0,0,0,0,17,10.0,12.3,2.0,2.4,0,8,3,11,1,0.00,0.05,0.05,1.05,2,False,519,Dominguez,MID,Nott'm Forest,5.0
0,0,0,0,0,0,0,0,0,0,0,0,0,0.0,0.0,0.0,0.0,0,0,0,0,0,0.00,0.00,0.00,0.00,0,False,520,O'Brien,MID,Nott'm Forest,5.0
90,0,0,0,2,0,0,0,1,0,0,0,4,14.0,12.6,0.0,2.7,4,4,2,10,1,0.00,0.00,0.00,2.12,1,False,521,Sangaré,MID,Nott'm Forest,4.9
1,0,0,0,0,0,0,0,0,0,0,0,-2,0.0,0.1,4.0,0.2,0,0,0,0,0,0.11,0.00,0.11,0.79,1,False,522,Yates,MID,Nott'm Forest,4.7
0,0,0,0,0,0,0,0,0,0,0,0,0,0.0,0.0,0.0,0.0,0,0,0,0,0,0.00,0.00,0.00,0.00,0,False,523,Da Silva Moreira,MID,Nott'm Forest,4.5
0,0,0,0,0,0,0,0,0,0,0,0,0,0.0,0.0,0.0,0.0,0,0,0,0,0,0.00,0.00,0.00,0.00,0,False,524,Stamenic,MID,Nott'm Forest,4.5
0,0,0,0,0,0,0,0,0,0,0,0,0,0.0,0.0,0.0,0.0,0,0,0,0,0,0.00,0.00,0.00,0.00,0,False,525,Wood,FWD,Nott'm Forest,7.1
78,0,1,0,2,0,0,0,0,0,0,0,21,21.2,12.3,23.0,5.7,0,0,1,1,1,0.05,0.16,0.21,1.05,5,False,526,Igor Jesus,FWD,Nott'm Forest,5.8
11,0,0,0,0,0,0,0,0,0,0,0,3,0.0,0.0,0.0,0.0,0,0,0,0,0,0.00,0.00,0.00,1.07,1,False,527,Awoniyi,FWD,Nott'm Forest,5.2
0,0,0,0,0,0,0,0,0,0,0,0,0,0.0,0.0,0.0,0.0,0,0,0,0,0,0.00,0.00,0.00,0.00,0,False,528,Patterson,GKP,Sunderland,4.2
0,0,0,0,0,0,0,0,0,0,0,0,0,0.0,0.0,0.0,0.0,0,0,0,0,0,0.00,0.00,0.00,0.00,0,False,529,Moore,GKP,Sunderland,3.9
0,0,0,0,0,0,0,0,0,0,0,0,0,0.0,0.0,0.0,0.0,0,0,0,0,0,0.00,0.00,0.00,0.00,0,False,530,Nna Noukeu,GKP,Sunderland,3.9
90,0,0,1,0,0,0,0,0,0,0,1,25,35.8,0.3,7.0,4.3,14,4,2,16,1,0.01,0.00,0.01,1.15,9,False,531,Ballard,DEF,Sunderland,4.6
90,0,0,1,0,0,0,0,0,0,0,2,30,16.0,1.2,0.0,1.7,7,3,2,9,1,0.00,0.03,0.03,1.15,8,False,532,Hume,DEF,Sunderland,4.5
0,0,0,0,0,0,0,0,0,0,0,0,0,0.0,0.0,0.0,0.0,0,0,0,0,0,0.00,0.00,0.00,0.00,0,False,533,Alese,DEF,Sunderland,4.0
0,0,0,0,0,0,0,0,0,0,0,0,0,0.0,0.0,0.0,0.0,0,0,0,0,0,0.00,0.00,0.00,0.00,0,False,534,Anderson,DEF,Sunderland,3.8
0,0,0,0,0,0,0,0,0,0,0,0,0,0.0,0.0,0.0,0.0,0,0,0,0,0,0.00,0.00,0.00,0.00,0,False,535,Cirkin,DEF,Sunderland,4.0
0,0,0,0,0,0,0,0,0,0,0,0,0,0.0,0.0,0.0,0.0,0,0,0,0,0,0.00,0.00,0.00,0.00,0,False,536,Hjelde,DEF,Sunderland,4.0
0,0,0,0,0,0,0,0,0,0,0,0,0,0.0,0.0,0.0,0.0,0,0,0,0,0,0.00,0.00,0.00,0.00,0,False,537,Huggins,DEF,Sunderland,4.0
0,0,0,0,0,0,0,0,0,0,0,0,0,0.0,0.0,0.0,0.0,0,0,0,0,0,0.00,0.00,0.00,0.00,0,False,538,Johnson,DEF,Sunderland,3.8
90,0,0,1,0,0,0,0,1,0,0,0,20,4.4,1.1,2.0,0.8,3,4,1,4,1,0.00,0.02,0.02,1.15,5,False,539,O'Nien,DEF,Sunderland,4.0
0,0,0,0,0,0,0,0,0,0,0,0,0,0.0,0.0,0.0,0.0,0,0,0,0,0,0.00,0.00,0.00,0.00,0,False,540,Pembele,DEF,Sunderland,3.9
0,0,0,0,0,0,0,0,0,0,0,0,0,0.0,0.0,0.0,0.0,0,0,0,0,0,0.00,0.00,0.00,0.00,0,False,541,Reinildo,DEF,Sunderland,3.8
0,0,0,0,0,0,0,0,0,0,0,0,0,0.0,0.0,0.0,0.0,0,0,0,0,0,0.00,0.00,0.00,0.00,0,False,542,Seelt,DEF,Sunderland,4.0
0,0,0,0,0,0,0,0,0,0,0,0,0,0.0,0.0,0.0,0.0,0,0,0,0,0,0.00,0.00,0.00,0.00,0,False,543,Adingra,MID,Sunderland,4.9
90,1,0,1,0,0,0,0,1,0,0,0,23,35.2,1.7,17.0,5.4,2,3,1,6,1,0.79,0.00,0.79,1.15,7,False,544,Diarra,MID,Sunderland,5.3
0,0,0,0,0,0,0,0,0,0,0,0,0,0.0,0.0,0.0,0.0,0,0,0,0,0,0.00,0.00,0.00,0.00,0,False,545,Roberts,MID,Sunderland,5.4
0,0,0,0,0,0,0,0,0,0,0,0,0,0.0,0.0,0.0,0.0,0,0,0,0,0,0.00,0.00,0.00,0.00,0,False,546,Aleksić,MID,Sunderland,4.9
90,0,0,1,0,0,0,0,0,0,0,0,13,16.8,15.4,0.0,3.2,2,6,5,13,1,0.00,0.03,0.03,1.15,5,False,547,E.Le Fée,MID,Sunderland,5.0
0,0,0,0,0,0,0,0,0,0,0,0,0,0.0,0.0,0.0,0.0,0,0,0,0,0,0.00,0.00,0.00,0.00,0,False,548,Mundle,MID,Sunderland,4.9
0,0,0,0,0,0,0,0,0,0,0,0,0,0.0,0.0,0.0,0.0,0,0,0,0,0,0.00,0.00,0.00,0.00,0,False,549,Neil,MID,Sunderland,4.8
0,0,0,0,0,0,0,0,0,0,0,0,0,0.0,0.0,0.0,0.0,0,0,0,0,0,0.00,0.00,0.00,0.00,0,False,550,Poveda,MID,Sunderland,4.8
1,0,0,0,0,0,0,0,0,0,0,0,3,0.0,0.0,0.0,0.0,0,1,0,1,0,0.00,0.00,0.00,0.29,1,False,551,Rigg,MID,Sunderland,4.7
90,0,0,1,0,0,0,0,0,0,0,0,5,8.6,2.0,0.0,1.1,5,3,0,8,1,0.00,0.01,0.01,1.15,3,False,552,Sadiki,MID,Sunderland,4.9
0,0,0,0,0,0,0,0,0,0,0,0,0,0.0,0.0,0.0,0.0,0,0,0,0,0,0.00,0.00,0.00,0.00,0,False,553,Talbi,MID,Sunderland,4.9
0,0,0,0,0,0,0,0,0,0,0,0,0,0.0,0.0,0.0,0.0,0,0,0,0,0,0.00,0.00,0.00,0.00,0,False,554,Ba,MID,Sunderland,4.3
0,0,0,0,0,0,0,0,0,0,0,0,0,0.0,0.0,0.0,0.0,0,0,0,0,0,0.00,0.00,0.00,0.00,0,False,555,Browne,MID,Sunderland,4.5
0,0,0,0,0,0,0,0,0,0,0,0,0,0.0,0.0,0.0,0.0,0,0,0,0,0,0.00,0.00,0.00,0.00,0,False,556,Ekwah,MID,Sunderland,4.5
0,0,0,0,0,0,0,0,0,0,0,0,0,0.0,0.0,0.0,0.0,0,0,0,0,0,0.00,0.00,0.00,0.00,0,False,557,H.Jones,MID,Sunderland,4.3
0,0,0,0,0,0,0,0,0,0,0,0,0,0.0,0.0,0.0,0.0,0,0,0,0,0,0.00,0.00,0.00,0.00,0,False,558,Matete,MID,Sunderland,4.3
0,0,0,0,0,0,0,0,0,0,0,0,0,0.0,0.0,0.0,0.0,0,0,0,0,0,0.00,0.00,0.00,0.00,0,False,559,Triantis,MID,Sunderland,4.4
34,0,1,0,0,0,0,0,0,0,0,0,10,2.2,0.3,5.0,0.8,1,0,0,1,0,0.06,0.00,0.06,0.73,4,False,560,Isidor,FWD,Sunderland,5.1
55,0,0,0,0,0,0,0,0,0,0,0,-3,0.0,0.1,0.0,0.0,0,1,0,1,1,0.00,0.00,0.00,0.42,1,False,561,Mayenda,FWD,Sunderland,5.2
0,0,0,0,0,0,0,0,0,0,0,0,0,0.0,0.0,0.0,0.0,0,0,0,0,0,0.00,0.00,0.00,0.00,0,False,562,Abdullahi,FWD,Sunderland,4.2
0,0,0,0,0,0,0,0,0,0,0,0,0,0.0,0.0,0.0,0.0,0,0,0,0,0,0.00,0.00,0.00,0.00,0,False,563,Luís Hemir,FWD,Sunderland,4.4
0,0,0,0,0,0,0,0,0,0,0,0,0,0.0,0.0,0.0,0.0,0,0,0,0,0,0.00,0.00,0.00,0.00,0,False,564,Rusyn,FWD,Sunderland,4.4
90,0,0,0,3,0,0,0,0,0,1,0,-2,12.8,0.0,0.0,1.3,1,4,0,0,1,0.00,0.00,0.00,1.78,1,False,565,Vicario,GKP,Spurs,4.7
0,0,0,0,0,0,0,0,0,0,0,0,0,0.0,0.0,0.0,0.0,0,0,0,0,0,0.00,0.00,0.00,0.00,0,False,566,Austin,GKP,Spurs,3.9
0,0,0,0,0,0,0,0,0,0,0,0,0,0.0,0.0,0.0,0.0,0,0,0,0,0,0.00,0.00,0.00,0.00,0,False,567,Kinsky,GKP,Spurs,3.9
73,0,0,0,3,0,0,0,0,0,0,0,0,11.4,12.4,0.0,2.4,3,3,2,5,1,0.00,0.01,0.01,1.49,1,False,568,Pedro Porro,DEF,Spurs,5.1
0,0,0,0,0,0,0,0,0,0,0,0,0,0.0,0.0,0.0,0.0,0,0,0,0,0,0.00,0.00,0.00,0.00,0,False,569,Romero,DEF,Spurs,5.0
90,0,0,0,3,0,0,0,0,0,0,0,4,26.0,1.2,25.0,5.2,8,2,3,11,1,0.16,0.01,0.17,1.78,3,False,570,Danso,DEF,Spurs,4.2
0,0,0,0,0,0,0,0,0,0,0,0,0,0.0,0.0,0.0,0.0,0,0,0,0,0,0.00,0.00,0.00,0.00,0,False,571,Davies,DEF,Spurs,4.3
0,0,0,0,0,0,0,0,0,0,0,0,0,0.0,0.0,0.0,0.0,0,0,0,0,0,0.00,0.00,0.00,0.00,0,False,572,Dragusin,DEF,Spurs,4.5
0,0,0,0,0,0,0,0,0,0,0,0,0,0.0,0.0,0.0,0.0,0,0,0,0,0,0.00,0.00,0.00,0.00,0,False,573,Spence,DEF,Spurs,4.2
0,0,0,0,0,0,0,0,0,0,0,0,0,0.0,0.0,0.0,0.0,0,0,0,0,0,0.00,0.00,0.00,0.00,0,False,574,Udogie,DEF,Spurs,4.3
37,0,0,0,3,0,0,0,0,1,0,0,-18,0.0,0.6,0.0,0.0,3,2,1,4,1,0.00,0.00,0.00,0.11,-3,False,575,Van de Ven,DEF,Spurs,4.4
0,0,0,0,0,0,0,0,0,0,0,0,0,0.0,0.0,0.0,0.0,0,0,0,0,0,0.00,0.00,0.00,0.00,0,False,576,Phillips,DEF,Spurs,4.0
0,0,0,0,0,0,0,0,0,0,0,0,0,0.0,0.0,0.0,0.0,0,0,0,0,0,0.00,0.00,0.00,0.00,0,False,577,Takai,DEF,Spurs,4.0
0,0,0,0,0,0,0,0,0,0,0,0,0,0.0,0.0,0.0,0.0,0,0,0,0,0,0.00,0.00,0.00,0.00,0,False,578,Vuskovic,DEF,Spurs,3.9
0,0,0,0,0,0,0,0,0,0,0,0,0,0.0,0.0,0.0,0.0,0,0,0,0,0,0.00,0.00,0.00,0.00,0,False,579,Son,MID,Spurs,8.5
23,0,0,0,0,0,0,0,0,0,0,0,3,0.2,0.0,0.0,0.0,0,0,0,0,0,0.00,0.00,0.00,0.30,1,False,580,Johnson,MID,Crystal Palace,6.5
0,0,0,0,0,0,0,0,0,0,0,0,0,0.0,0.0,0.0,0.0,0,0,0,0,0,0.00,0.00,0.00,0.00,0,False,581,Maddison,MID,Spurs,6.8
0,0,0,0,0,0,0,0,0,0,0,0,0,0.0,0.0,0.0,0.0,0,0,0,0,0,0.00,0.00,0.00,0.00,0,False,582,Kudus,MID,Spurs,6.4
0,0,0,0,0,0,0,0,0,0,0,0,0,0.0,0.0,0.0,0.0,0,0,0,0,0,0.00,0.00,0.00,0.00,0,False,583,Kulusevski,MID,Spurs,6.4
90,0,0,0,3,0,0,0,0,0,0,0,7,9.8,53.5,33.0,9.6,0,1,0,1,1,0.21,0.17,0.38,1.78,2,False,584,Tel,MID,Spurs,6.2
0,0,0,0,0,0,0,0,0,0,0,0,0,0.0,0.0,0.0,0.0,0,0,0,0,0,0.00,0.00,0.00,0.00,0,False,585,Bentancur,MID,Spurs,5.2
0,0,0,0,0,0,0,0,0,0,0,0,0,0.0,0.0,0.0,0.0,0,0,0,0,0,0.00,0.00,0.00,0.00,0,False,586,Bergvall,MID,Spurs,5.2
47,0,0,0,2,0,0,0,1,0,0,0,5,9.6,1.0,0.0,1.1,2,1,3,6,0,0.00,0.00,0.00,0.88,0,False,587,Bissouma,MID,Spurs,5.2
0,0,0,0,0,0,0,0,0,0,0,0,0,0.0,0.0,0.0,0.0,0,0,0,0,0,0.00,0.00,0.00,0.00,0,False,588,Odobert,MID,Spurs,5.3
0,0,0,0,0,0,0,0,0,0,0,0,0,0.0,0.0,0.0,0.0,0,0,0,0,0,0.00,0.00,0.00,0.00,0,False,589,Solomon,MID,Spurs,5.4
0,0,0,0,0,0,0,0,0,0,0,0,0,0.0,0.0,0.0,0.0,0,0,0,0,0,0.00,0.00,0.00,0.00,0,False,590,Bryan,MID,Spurs,4.9
90,0,1,0,3,0,0,0,0,0,0,0,23,32.4,15.6,9.0,5.7,5,3,0,8,1,0.05,0.56,0.61,1.78,5,False,591,Gray,MID,Spurs,4.8
0,0,0,0,0,0,0,0,0,0,0,0,0,0.0,0.0,0.0,0.0,0,0,0,0,0,0.00,0.00,0.00,0.00,0,False,592,Moore,MID,Spurs,5.0
90,0,0,0,3,0,0,0,1,0,0,0,12,7.2,7.3,15.0,3.0,4,5,2,11,1,0.10,0.01,0.11,1.78,1,False,593,P.M.Sarr,MID,Spurs,4.5
0,0,0,0,0,0,0,0,0,0,0,0,0,0.0,0.0,0.0,0.0,0,0,0,0,0,0.00,0.00,0.00,0.00,0,False,594,Min-hyeok,MID,Spurs,4.5
0,0,0,0,0,0,0,0,0,0,0,0,0,0.0,0.0,0.0,0.0,0,0,0,0,0,0.00,0.00,0.00,0.00,0,False,595,Olusesi,MID,Spurs,4.3
73,1,0,0,3,0,0,0,0,0,0,1,35,39.0,11.0,54.0,10.4,0,0,1,1,1,0.95,0.00,0.94,1.49,7,False,596,Solanke,FWD,Spurs,7.2
16,0,0,0,0,0,0,0,0,0,0,0,2,0.0,2.2,0.0,0.1,0,1,0,1,0,0.00,0.00,0.00,0.28,1,False,597,Richarlison,FWD,Spurs,6.3
0,0,0,0,0,0,0,0,0,0,0,0,0,0.0,0.0,0.0,0.0,0,0,0,0,0,0.00,0.00,0.00,0.00,0,False,598,Lankshear,FWD,Spurs,4.5
0,0,0,0,0,0,0,0,0,0,0,0,0,0.0,0.0,0.0,0.0,0,0,0,0,0,0.00,0.00,0.00,0.00,0,False,599,Scarlett,FWD,Spurs,4.3
0,0,0,0,0,0,0,0,0,0,0,0,0,0.0,0.0,0.0,0.0,0,0,0,0,0,0.00,0.00,0.00,0.00,0,False,600,Areola,GKP,West Ham,4.3
0,0,0,0,0,0,0,0,0,0,0,0,0,0.0,0.0,0.0,0.0,0,0,0,0,0,0.00,0.00,0.00,0.00,0,False,601,Foderingham,GKP,West Ham,4.0
0,0,0,0,0,0,0,0,0,0,0,0,0,0.0,0.0,0.0,0.0,0,0,0,0,0,0.00,0.00,0.00,0.00,0,False,602,Hegyi,GKP,West Ham,3.9
90,0,0,1,0,0,0,0,0,0,0,0,20,10.8,1.1,4.0,1.6,4,4,0,4,1,0.00,0.01,0.01,0.89,6,False,603,Diouf,DEF,West Ham,4.0
0,0,0,0,0,0,0,0,0,0,0,0,0,0.0,0.0,0.0,0.0,0,0,0,0,0,0.00,0.00,0.00,0.00,0,False,604,Emerson,DEF,West Ham,4.4
0,0,0,0,0,0,0,0,0,0,0,0,0,0.0,0.0,0.0,0.0,0,0,0,0,0,0.00,0.00,0.00,0.00,0,False,605,Kilman,DEF,West Ham,4.1
1,0,0,0,0,0,0,0,0,0,0,0,3,2.0,0.0,0.0,0.2,1,0,0,1,0,0.00,0.00,0.00,0.00,1,False,606,Mavropanos,DEF,West Ham,4.4
0,0,0,0,0,0,0,0,0,0,0,0,0,0.0,0.0,0.0,0.0,0,0,0,0,0,0.00,0.00,0.00,0.00,0,False,607,N.Aguerd,DEF,West Ham,4.4
0,0,0,0,0,0,0,0,0,0,0,0,0,0.0,0.0,0.0,0.0,0,0,0,0,0,0.00,0.00,0.00,0.00,0,False,608,Scarles,DEF,West Ham,4.3
90,0,0,1,0,0,0,0,0,0,0,1,32,18.6,0.2,2.0,2.1,9,4,1,10,1,0.00,0.00,0.00,0.89,9,False,609,Todibo,DEF,West Ham,4.3
90,0,0,1,0,0,0,0,1,0,0,0,26,19.6,12.3,0.0,3.2,11,6,1,12,1,0.00,0.13,0.13,0.89,7,False,610,Wan-Bissaka,DEF,West Ham,4.1
0,0,0,0,0,0,0,0,0,0,0,0,0,0.0,0.0,0.0,0.0,0,0,0,0,0,0.00,0.00,0.00,0.00,0,False,611,Casey,DEF,West Ham,4.0
0,0,0,0,0,0,0,0,0,0,0,0,0,0.0,0.0,0.0,0.0,0,0,0,0,0,0.00,0.00,0.00,0.00,0,False,612,L.Paquetá,MID,West Ham,5.9
90,0,0,1,0,0,0,0,0,0,0,0,11,17.0,5.7,19.0,4.2,7,4,0,11,1,0.10,0.01,0.11,0.89,3,False,613,Souček,MID,West Ham,5.7
33,0,0,0,1,0,0,0,0,0,0,0,8,6.2,2.8,0.0,0.9,1,2,1,4,0,0.00,0.01,0.01,0.50,1,False,614,Ward-Prowse,MID,Burnley,5.6
90,1,0,1,0,0,0,0,0,0,0,3,40,43.8,17.3,19.0,8.0,2,6,1,9,1,0.13,0.38,0.51,0.89,11,True,615,Summerville,MID,West Ham,5.7
0,0,0,0,0,0,0,0,0,0,0,0,0,0.0,0.0,0.0,0.0,0,0,0,0,0,0.00,0.00,0.00,0.00,0,False,616,Álvarez,MID,West Ham,4.9
0,0,0,0,0,0,0,0,0,0,0,0,0,0.0,0.0,0.0,0.0,0,0,0,0,0,0.00,0.00,0.00,0.00,0,False,617,Cornet,MID,West Ham,4.9
0,0,0,0,0,0,0,0,0,0,0,0,0,0.0,0.0,0.0,0.0,0,0,0,0,0,0.00,0.00,0.00,0.00,0,False,618,G.Rodriguez,MID,West Ham,4.8
0,0,0,0,0,0,0,0,0,0,0,0,0,0.0,0.0,0.0,0.0,0,0,0,0,0,0.00,0.00,0.00,0.00,0,False,619,L.Guilherme,MID,West Ham,4.9
0,0,0,0,0,0,0,0,0,0,0,0,0,0.0,0.0,0.0,0.0,0,0,0,0,0,0.00,0.00,0.00,0.00,0,False,620,Earthy,MID,West Ham,4.5
0,0,0,0,0,0,0,0,0,0,0,0,0,0.0,0.0,0.0,0.0,0,0,0,0,0,0.00,0.00,0.00,0.00,0,False,621,Irving,MID,West Ham,4.3
0,0,0,0,0,0,0,0,0,0,0,0,0,0.0,0.0,0.0,0.0,0,0,0,0,0,0.00,0.00,0.00,0.00,0,False,622,Orford,MID,West Ham,4.4
0,0,0,0,0,0,0,0,0,0,0,0,0,0.0,0.0,0.0,0.0,0,0,0,0,0,0.00,0.00,0.00,0.00,0,False,623,Potts,MID,West Ham,4.4
90,0,1,1,0,0,0,0,1,0,0,0,25,30.0,37.3,8.0,7.5,4,6,0,10,1,0.13,0.11,0.24,0.89,4,False,624,Bowen,FWD,West Ham,7.5
0,0,0,0,0,0,0,0,0,0,0,0,0,0.0,0.0,0.0,0.0,0,0,0,0,0,0.00,0.00,0.00,0.00,0,False,625,Füllkrug,FWD,West Ham,5.6
0,0,0,0,0,0,0,0,0,0,0,0,0,0.0,0.0,0.0,0.0,0,0,0,0,0,0.00,0.00,0.00,0.00,0,False,626,Marshall,FWD,West Ham,4.3
0,0,0,0,0,0,0,0,0,0,0,0,0,0.0,0.0,0.0,0.0,0,0,0,0,0,0.00,0.00,0.00,0.00,0,False,627,Johnstone,GKP,Wolves,4.4
90,0,0,0,1,0,0,0,0,0,5,0,20,29.8,0.0,0.0,3.0,5,15,0,0,1,0.00,0.00,0.00,1.83,3,False,628,José Sá,GKP,Wolves,4.2
0,0,0,0,0,0,0,0,0,0,0,0,0,0.0,0.0,0.0,0.0,0,0,0,0,0,0.00,0.00,0.00,0.00,0,False,629,Bentley,GKP,Wolves,3.9
0,0,0,0,0,0,0,0,0,0,0,0,0,0.0,0.0,0.0,0.0,0,0,0,0,0,0.00,0.00,0.00,0.00,0,False,630,King,GKP,Everton,3.9
0,0,0,0,0,0,0,0,0,0,0,0,0,0.0,0.0,0.0,0.0,0,0,0,0,0,0.00,0.00,0.00,0.00,0,False,631,Agbadou,DEF,Wolves,4.2
58,0,0,0,0,0,0,0,0,0,0,0,4,5.6,0.4,0.0,0.6,5,2,0,5,1,0.00,0.00,0.00,1.17,1,False,632,Doherty,DEF,Wolves,4.4
11,0,0,0,1,0,0,0,0,0,0,0,-1,4.0,0.8,2.0,0.7,1,0,1,2,0,0.00,0.01,0.01,0.62,1,False,633,H.Bueno,DEF,Wolves,4.3
31,0,0,0,1,0,0,0,0,0,0,0,4,8.2,0.3,17.0,2.6,2,0,1,3,0,0.04,0.00,0.04,0.66,1,False,634,Mosquera,DEF,Wolves,4.3
20,1,0,0,1,0,0,0,0,0,0,0,15,35.2,2.8,19.0,5.7,0,0,1,1,0,0.31,0.00,0.31,0.64,7,False,635,R.Gomes,DEF,Wolves,4.4
90,0,0,0,1,0,0,0,1,0,0,0,16,12.0,0.0,4.0,1.6,6,2,1,7,1,0.00,0.00,0.00,1.83,1,False,636,S.Bueno,DEF,Wolves,4.4
0,0,0,0,0,0,0,0,0,0,0,0,0,0.0,0.0,0.0,0.0,0,0,0,0,0,0.00,0.00,0.00,0.00,0,False,637,Toti,DEF,Wolves,4.2
0,0,0,0,0,0,0,0,0,0,0,0,0,0.0,0.0,0.0,0.0,0,0,0,0,0,0.00,0.00,0.00,0.00,0,False,638,Hoever,DEF,Wolves,3.8
0,0,0,0,0,0,0,0,0,0,0,0,0,0.0,0.0,0.0,0.0,0,0,0,0,0,0.00,0.00,0.00,0.00,0,False,639,Meupiyou,DEF,Wolves,4.0
0,0,0,0,0,0,0,0,0,0,0,0,0,0.0,0.0,0.0,0.0,0,0,0,0,0,0.00,0.00,0.00,0.00,0,False,640,Pedro Lima,DEF,Wolves,4.0
0,0,0,0,0,0,0,0,0,0,0,0,0,0.0,0.0,0.0,0.0,0,0,0,0,0,0.00,0.00,0.00,0.00,0,False,641,Pond,DEF,Wolves,3.9
0,0,0,0,0,0,0,0,0,0,0,0,0,0.0,0.0,0.0,0.0,0,0,0,0,0,0.00,0.00,0.00,0.00,0,False,642,Hee Chan,MID,Wolves,5.6
90,1,0,0,1,0,0,0,0,0,0,3,46,57.4,15.2,7.0,8.0,4,11,5,20,1,0.06,0.05,0.11,1.83,12,True,643,André,MID,Wolves,5.2
30,0,0,0,1,0,0,0,0,0,0,0,2,2.6,13.1,0.0,1.6,1,3,1,5,0,0.00,0.00,0.00,0.66,1,False,644,Bellegarde,MID,Wolves,5.1
0,0,0,0,0,0,0,0,0,0,0,0,0,0.0,0.0,0.0,0.0,0,0,0,0,0,0.00,0.00,0.00,0.00,0,False,645,Fer López,MID,Wolves,5.1
90,0,0,0,1,0,0,0,1,0,0,0,21,17.4,5.7,1.0,2.4,1,9,6,16,1,0.03,0.01,0.04,1.83,3,False,646,J.Gomes,MID,Wolves,5.3
0,0,0,0,0,0,0,0,0,0,0,0,0,0.0,0.0,0.0,0.0,0,0,0,0,0,0.00,0.00,0.00,0.00,0,False,647,Guedes,MID,Wolves,5.5
0,0,0,0,0,0,0,0,0,0,0,0,0,0.0,0.0,0.0,0.0,0,0,0,0,0,0.00,0.00,0.00,0.00,0,False,648,Munetsi,MID,Wolves,5.3
0,0,0,0,0,0,0,0,0,0,0,0,0,0.0,0.0,0.0,0.0,0,0,0,0,0,0.00,0.00,0.00,0.00,0,False,649,B.Traore,MID,Wolves,5.0
0,0,0,0,0,0,0,0,0,0,0,0,0,0.0,0.0,0.0,0.0,0,0,0,0,0,0.00,0.00,0.00,0.00,0,False,650,Chirewa,MID,Wolves,4.3
0,0,0,0,0,0,0,0,0,0,0,0,0,0.0,0.0,0.0,0.0,0,0,0,0,0,0.00,0.00,0.00,0.00,0,False,651,Edozie,MID,Wolves,4.3
0,0,0,0,0,0,0,0,0,0,0,0,0,0.0,0.0,0.0,0.0,0,0,0,0,0,0.00,0.00,0.00,0.00,0,False,652,Gonzalez,MID,Wolves,4.3
0,0,0,0,0,0,0,0,0,0,0,0,0,0.0,0.0,0.0,0.0,0,0,0,0,0,0.00,0.00,0.00,0.00,0,False,653,Hodge,MID,Wolves,4.5
80,1,0,0,1,0,0,0,1,0,0,0,31,38.0,13.8,23.0,7.5,3,1,1,5,1,0.17,0.12,0.29,1.36,5,False,654,Strand Larsen,FWD,Crystal Palace,6.1
0,0,0,0,0,0,0,0,0,0,0,0,0,0.0,0.0,0.0,0.0,0,0,0,0,0,0.00,0.00,0.00,0.00,0,False,655,Fábio Silva,FWD,Wolves,4.9
0,0,0,0,0,0,0,0,0,0,0,0,0,0.0,0.0,0.0,0.0,0,0,0,0,0,0.00,0.00,0.00,0.00,0,False,656,Kalajdžić,FWD,Wolves,4.9
0,0,0,0,0,0,0,0,0,0,0,0,0,0.0,0.0,0.0,0.0,0,0,0,0,0,0.00,0.00,0.00,0.00,0,False,657,Chiwome,FWD,Wolves,4.4
0,0,0,0,0,0,0,0,0,0,0,0,0,0.0,0.0,0.0,0.0,0,0,0,0,0,0.00,0.00,0.00,0.00,0,False,658,Fraser,FWD,Wolves,4.2
0,0,0,0,0,0,0,0,0,0,0,0,0,0.0,0.0,0.0,0.0,0,0,0,0,0,0.00,0.00,0.00,0.00,0,False,659,Walker-Peters,DEF,West Ham,4.2
90,0,0,0,1,0,0,0,0,0,0,0,20,24.4,35.4,13.0,7.3,3,4,6,13,1,0.16,0.20,0.36,0.86,4,False,660,Stach,MID,Leeds,4.7
90,0,0,0,2,0,0,0,0,0,0,0,8,5.2,26.6,19.0,5.1,1,4,1,6,1,0.06,0.39,0.45,0.44,2,False,661,Ekitiké,FWD,Liverpool,9.1
63,0,0,1,0,0,0,0,1,0,0,0,24,15.2,0.3,0.0,1.6,8,1,1,9,1,0.00,0.00,0.00,0.64,5,False,662,Mosquera,DEF,Arsenal,5.3
0,0,0,0,0,0,0,0,0,0,0,0,0,0.0,0.0,0.0,0.0,0,0,0,0,0,0.00,0.00,0.00,0.00,0,False,663,J.Arias,MID,Wolves,4.9
0,0,0,0,0,0,0,0,0,0,0,0,0,0.0,0.0,0.0,0.0,0,0,0,0,0,0.00,0.00,0.00,0.00,0,False,664,Lecomte,GKP,Fulham,3.9
0,0,0,0,0,0,0,0,0,0,0,0,0,0.0,0.0,0.0,0.0,0,0,0,0,0,0.00,0.00,0.00,0.00,0,False,665,Perri,GKP,Leeds,4.5
58,0,0,0,0,0,0,0,0,0,0,0,-1,0.0,14.8,6.0,2.0,0,4,0,4,1,0.00,0.02,0.02,0.55,1,False,666,Gyökeres,FWD,Arsenal,8.8
0,0,0,0,0,0,0,0,0,0,0,0,0,0.0,0.0,0.0,0.0,0,0,0,0,0,0.00,0.00,0.00,0.00,0,False,667,Aznou,DEF,Everton,4.2
35,0,0,0,0,0,0,0,0,0,0,0,5,7.6,11.3,4.0,2.3,3,4,0,7,0,0.00,0.01,0.01,0.73,1,False,668,Xhaka,MID,Sunderland,5.1
0,0,0,0,0,0,0,0,0,0,0,0,0,0.0,0.0,0.0,0.0,0,0,0,0,0,0.00,0.00,0.00,0.00,0,False,669,Ndoye,MID,Nott'm Forest,5.5
0,0,0,0,0,0,0,0,0,0,0,0,0,0.0,0.0,0.0,0.0,0,0,0,0,0,0.00,0.00,0.00,0.00,0,False,670,Roefs,GKP,Sunderland,4.9
59,0,0,0,0,0,0,0,0,0,0,0,-4,0.0,0.2,11.0,0.8,1,1,0,2,1,0.60,0.00,0.60,0.43,1,False,671,Wilson,FWD,West Ham,5.8
90,0,0,0,1,0,0,0,0,0,0,0,11,11.4,0.8,4.0,1.6,2,2,2,4,1,0.04,0.00,0.04,0.78,2,False,672,Hato,DEF,Chelsea,4.6
90,0,0,0,3,0,0,0,0,0,0,0,14,17.2,13.8,5.0,3.6,7,2,3,12,1,0.03,0.00,0.03,1.78,4,False,673,J.Palhinha,MID,Spurs,5.5
90,0,0,0,1,0,0,0,0,0,4,0,13,28.4,0.0,0.0,2.8,0,5,0,0,1,0.00,0.00,0.00,1.48,3,False,674,Ramsdale,GKP,Newcastle,4.8
0,0,0,0,0,0,0,0,0,0,0,0,0,0.0,0.0,0.0,0.0,0,0,0,0,0,0.00,0.00,0.00,0.00,0,False,675,Gunn,GKP,Nott'm Forest,4.0
82,0,0,0,2,0,0,0,0,0,0,0,13,5.0,1.5,0.0,0.7,0,4,1,5,1,0.00,0.01,0.01,1.30,2,False,676,Ugochukwu,MID,Burnley,5.0
66,0,0,0,1,0,0,0,0,0,0,0,5,0.2,2.7,0.0,0.3,0,4,0,4,1,0.00,0.04,0.04,1.28,2,False,677,Guessand,MID,Crystal Palace,6.2
0,0,0,0,0,0,0,0,0,0,0,0,0,0.0,0.0,0.0,0.0,0,0,0,0,0,0.00,0.00,0.00,0.00,0,False,678,Masuaku,DEF,Sunderland,3.9
90,0,0,1,0,0,0,0,0,0,5,2,38,39.8,0.0,0.0,4.0,0,11,0,0,1,0.00,0.00,0.00,0.89,9,False,679,Hermansen,GKP,West Ham,4.2
0,0,0,0,0,0,0,0,0,0,0,0,0,0.0,0.0,0.0,0.0,0,0,0,0,0,0.00,0.00,0.00,0.00,0,False,680,Broja,FWD,Burnley,5.2
90,0,0,0,2,0,0,0,0,0,0,0,4,0.0,3.3,12.0,1.5,0,1,0,1,1,0.32,0.01,0.33,2.48,2,False,681,Šeško,FWD,Man Utd,7.3
78,0,0,1,0,0,0,0,0,0,0,0,19,9.0,0.3,2.0,1.1,3,1,2,5,1,0.00,0.00,0.00,1.22,6,False,682,Møller Wolfe,DEF,Wolves,4.2
90,0,0,1,0,0,0,0,1,0,0,0,22,48.6,0.2,2.0,5.1,22,1,1,23,1,0.00,0.00,0.00,1.15,7,False,683,Alderete,DEF,Sunderland,4.1
90,0,0,0,1,0,0,0,0,0,0,0,5,27.6,0.5,33.0,6.1,10,0,0,10,1,0.59,0.01,0.60,1.48,4,False,684,Thiaw,DEF,Newcastle,5.0
0,0,0,0,0,0,0,0,0,0,0,0,0,0.0,0.0,0.0,0.0,0,0,0,0,0,0.00,0.00,0.00,0.00,0,False,685,Diakité,DEF,Bournemouth,4.2
25,0,0,0,2,0,0,0,0,0,0,0,12,11.0,26.1,21.0,5.8,0,2,0,2,0,0.08,0.28,0.36,0.44,1,False,686,Ngumoha,MID,Liverpool,4.3
0,0,0,0,0,0,0,0,0,0,0,0,0,0.0,0.0,0.0,0.0,0,0,0,0,0,0.00,0.00,0.00,0.00,0,False,687,Rees-Dottin,MID,Bournemouth,4.3
0,0,0,0,0,0,0,0,0,0,0,0,0,0.0,0.0,0.0,0.0,0,0,0,0,0,0.00,0.00,0.00,0.00,0,False,688,Wright,GKP,Aston Villa,3.9
0,0,0,0,0,0,0,0,0,0,0,0,0,0.0,0.0,0.0,0.0,0,0,0,0,0,0.00,0.00,0.00,0.00,0,False,689,Seung soo,MID,Newcastle,4.3
0,0,0,0,0,0,0,0,0,0,0,0,0,0.0,0.0,0.0,0.0,0,0,0,0,0,0.00,0.00,0.00,0.00,0,False,690,Cardines,MID,Crystal Palace,4.4
90,0,0,0,1,0,0,0,0,0,0,0,5,4.4,2.8,6.0,1.3,3,1,0,4,1,0.08,0.00,0.08,0.86,2,False,691,Calvert-Lewin,FWD,Leeds,5.7
0,0,0,0,0,0,0,0,0,0,0,0,0,0.0,0.0,0.0,0.0,0,0,0,0,0,0.00,0.00,0.00,0.00,0,False,692,Leoni,DEF,Liverpool,4.9
0,0,0,0,0,0,0,0,0,0,0,0,0,0.0,0.0,0.0,0.0,0,0,0,0,0,0.00,0.00,0.00,0.00,0,False,693,Hutchinson,MID,Nott'm Forest,5.4
0,0,0,0,0,0,0,0,0,0,0,0,0,0.0,0.0,0.0,0.0,0,0,0,0,0,0.00,0.00,0.00,0.00,0,False,694,Mukiele,DEF,Sunderland,4.5
90,0,1,0,1,0,0,0,0,0,0,0,20,34.0,15.3,2.0,5.1,4,4,2,6,1,0.00,0.03,0.03,1.83,5,False,695,Tchatchoua,DEF,Wolves,4.4
0,0,0,0,0,0,0,0,0,0,0,0,0,0.0,0.0,0.0,0.0,0,0,0,0,0,0.00,0.00,0.00,0.00,0,False,696,Kalimuendo,FWD,Nott'm Forest,6.0
16,0,0,0,0,0,0,0,0,0,0,0,5,5.0,0.3,9.0,1.4,1,2,0,3,0,0.04,0.00,0.04,0.23,1,False,697,Adli,MID,Bournemouth,5.4
0,0,0,0,0,0,0,0,0,0,0,0,0,0.0,0.0,0.0,0.0,0,0,0,0,0,0.00,0.00,0.00,0.00,0,False,698,Okafor,MID,Leeds,5.5
62,1,0,0,3,0,0,0,0,0,0,0,29,34.2,3.1,17.0,5.4,1,4,0,5,1,0.14,0.02,0.16,2.26,7,False,699,Douglas Luiz,MID,Aston Villa,4.9
0,0,0,0,0,0,0,0,0,0,0,0,0,0.0,0.0,0.0,0.0,0,0,0,0,0,0.00,0.00,0.00,0.00,0,False,700,Dowman,MID,Arsenal,4.2
0,0,0,0,0,0,0,0,0,0,0,0,0,0.0,0.0,0.0,0.0,0,0,0,0,0,0.00,0.00,0.00,0.00,0,False,701,Rowe,DEF,Aston Villa,4.0
0,0,0,0,0,0,0,0,0,0,0,0,0,0.0,0.0,0.0,0.0,0,0,0,0,0,0.00,0.00,0.00,0.00,0,False,702,Burrowes,MID,Aston Villa,4.4
0,0,0,0,0,0,0,0,0,0,0,0,0,0.0,0.0,0.0,0.0,0,0,0,0,0,0.00,0.00,0.00,0.00,0,False,703,Proctor,GKP,Aston Villa,3.9
0,0,0,0,0,0,0,0,0,0,0,0,0,0.0,0.0,0.0,0.0,0,0,0,0,0,0.00,0.00,0.00,0.00,0,False,704,Onyango,MID,Everton,4.5
0,0,0,0,0,0,0,0,0,0,0,0,0,0.0,0.0,0.0,0.0,0,0,0,0,0,0.00,0.00,0.00,0.00,0,False,705,Campbell,DEF,Everton,3.9
73,0,0,0,1,0,0,0,0,0,0,0,12,16.6,2.3,0.0,1.9,4,5,4,8,1,0.00,0.01,0.01,0.86,2,False,706,Justin,DEF,Leeds,3.9
1,0,0,0,0,0,0,0,0,0,0,0,3,0.0,0.0,0.0,0.0,0,0,0,0,0,0.00,0.00,0.00,0.67,1,False,707,Dibling,MID,Everton,5.3
90,0,0,1,0,0,0,0,1,0,0,0,5,2.2,1.0,3.0,0.6,2,2,1,5,1,0.03,0.01,0.04,0.89,2,False,708,M.Fernandes,MID,West Ham,5.5
90,0,0,0,1,0,0,0,0,0,0,0,9,16.6,0.0,0.0,1.7,8,1,2,10,1,0.00,0.00,0.00,1.83,4,False,709,Krejčí,DEF,Wolves,4.5
0,0,0,0,0,0,0,0,0,0,0,0,0,0.0,0.0,0.0,0.0,0,0,0,0,0,0.00,0.00,0.00,0.00,0,False,710,Patterson,DEF,Aston Villa,3.9
0,0,0,0,0,0,0,0,0,0,0,0,0,0.0,0.0,0.0,0.0,0,0,0,0,0,0.00,0.00,0.00,0.00,0,False,711,Harriman-Annous,MID,Arsenal,4.4
0,0,0,0,0,0,0,0,0,0,0,0,0,0.0,0.0,0.0,0.0,0,0,0,0,0,0.00,0.00,0.00,0.00,0,False,712,Yeremy,MID,Crystal Palace,5.8
90,0,0,1,0,0,0,0,0,0,0,2,30,16.4,25.8,8.0,5.0,5,5,2,7,1,0.03,0.39,0.42,0.40,8,False,713,A.Jimenez,DEF,Bournemouth,4.5
0,0,0,0,0,0,0,0,0,0,0,0,0,0.0,0.0,0.0,0.0,0,0,0,0,0,0.00,0.00,0.00,0.00,0,False,714,Woltemade,FWD,Newcastle,6.7
0,0,0,0,0,0,0,0,0,0,0,0,0,0.0,0.0,0.0,0.0,0,0,0,0,0,0.00,0.00,0.00,0.00,0,False,715,John,GKP,Nott'm Forest,4.0
0,0,0,0,0,0,0,0,0,0,0,0,0,0.0,0.0,0.0,0.0,0,0,0,0,0,0.00,0.00,0.00,0.00,0,False,716,Savona,DEF,Nott'm Forest,4.5
16,0,0,0,0,0,0,0,0,0,0,0,9,8.4,14.8,2.0,2.5,2,1,1,4,0,0.09,0.15,0.24,0.28,1,False,717,Xavi,MID,Spurs,6.5
30,0,0,0,0,0,0,0,0,0,0,0,6,8.2,0.2,0.0,0.8,2,1,2,5,0,0.00,0.00,0.00,0.46,1,False,718,S.Magassa,MID,West Ham,5.0
0,0,0,0,0,0,0,0,0,0,0,0,0,0.0,0.0,0.0,0.0,0,0,0,0,0,0.00,0.00,0.00,0.00,0,False,719,Lindelöf,DEF,Aston Villa,4.5
30,0,1,0,1,0,0,0,0,0,0,0,19,23.2,10.9,4.0,3.8,3,0,0,3,0,0.00,0.01,0.01,0.66,4,False,720,Tolu,FWD,Wolves,5.4
0,0,0,0,0,0,0,0,0,0,0,0,0,0.0,0.0,0.0,0.0,0,0,0,0,0,0.00,0.00,0.00,0.00,0,False,721,Milosavljević,DEF,Bournemouth,4.4
56,0,0,0,1,0,0,0,0,0,0,0,10,10.4,3.6,0.0,1.4,5,2,0,7,1,0.00,0.01,0.01,0.81,1,False,722,Florentino,MID,Burnley,5.0
90,0,0,0,1,0,0,0,0,0,0,0,12,17.6,13.7,7.0,3.8,5,2,1,6,1,0.18,0.04,0.22,1.58,2,False,723,Canvot,DEF,Crystal Palace,4.5
54,0,0,0,0,0,0,0,0,0,0,0,3,0.8,2.3,0.0,0.3,1,0,1,2,1,0.00,0.01,0.01,0.42,1,False,724,Geertruida,DEF,Sunderland,4.5
90,0,0,1,0,0,0,0,0,0,0,1,25,26.4,0.7,0.0,2.7,13,4,3,16,1,0.00,0.00,0.00,0.82,9,False,725,Hincapie,DEF,Arsenal,5.1
42,0,0,0,1,0,0,0,0,0,0,0,-1,7.2,0.6,0.0,0.8,3,2,1,6,1,0.00,0.00,0.00,0.89,1,False,726,Kolo Muani,FWD,Spurs,6.9
90,0,0,0,1,0,0,0,0,0,0,0,11,11.0,13.6,11.0,3.6,2,3,0,5,1,0.03,0.14,0.17,1.09,2,False,727,Chukwueze,MID,Fulham,5.3
0,0,0,0,0,0,0,0,0,0,0,0,0,0.0,0.0,0.0,0.0,0,0,0,0,0,0.00,0.00,0.00,0.00,0,False,728,Röhl,MID,Everton,5.0
0,0,0,0,0,0,0,0,0,0,0,0,0,0.0,0.0,0.0,0.0,0,0,0,0,0,0.00,0.00,0.00,0.00,0,False,729,Cuiabano,DEF,Nott'm Forest,4.5
0,0,0,0,0,0,0,0,0,0,0,0,0,0.0,0.0,0.0,0.0,0,0,0,0,0,0.00,0.00,0.00,0.00,0,False,730,Brobbey,FWD,Sunderland,5.4
0,0,0,0,0,0,0,0,0,0,0,0,0,0.0,0.0,0.0,0.0,0,0,0,0,0,0.00,0.00,0.00,0.00,0,False,731,Kevin,MID,Fulham,5.8
9,0,0,0,0,0,0,0,0,0,0,0,4,2.4,0.6,5.0,0.8,1,0,0,1,0,0.10,0.00,0.10,0.22,1,False,732,Uche,FWD,Crystal Palace,5.5
90,0,0,0,2,0,0,0,0,0,3,0,8,22.4,0.0,0.0,2.2,0,7,0,0,1,0.00,0.00,0.00,2.48,2,False,733,Lammens,GKP,Man Utd,5.0
0,0,0,0,0,0,0,0,0,0,0,0,0,0.0,0.0,0.0,0.0,0,0,0,0,0,0.00,0.00,0.00,0.00,0,False,734,Bakwa,MID,Nott'm Forest,5.9
6,0,0,0,0,0,0,0,0,0,0,0,3,0.0,0.2,0.0,0.0,0,0,0,0,0,0.00,0.00,0.00,0.13,1,False,735,Traoré,MID,Sunderland,5.5
90,0,0,0,2,0,0,0,0,0,2,0,5,19.4,0.0,0.0,1.9,0,4,0,0,1,0.00,0.00,0.00,0.97,1,False,736,Donnarumma,GKP,Man City,5.6
0,0,0,0,0,0,0,0,0,0,0,0,0,0.0,0.0,0.0,0.0,0,0,0,0,0,0.00,0.00,0.00,0.00,0,False,737,Kusi-Asare,FWD,Fulham,4.5
0,0,0,0,0,0,0,0,0,0,0,0,0,0.0,0.0,0.0,0.0,0,0,0,0,0,0.00,0.00,0.00,0.00,0,False,738,Fabianski,GKP,West Ham,4.5
0,0,0,0,0,0,0,0,0,0,0,0,0,0.0,0.0,0.0,0.0,0,0,0,0,0,0.00,0.00,0.00,0.00,0,False,739,Mukasa,MID,Man City,4.4
0,0,0,0,0,0,0,0,0,0,0,0,0,0.0,0.0,0.0,0.0,0,0,0,0,0,0.00,0.00,0.00,0.00,0,False,740,Mfuni,DEF,Man City,3.9
0,0,0,0,0,0,0,0,0,0,0,0,0,0.0,0.0,0.0,0.0,0,0,0,0,0,0.00,0.00,0.00,0.00,0,False,741,Gray,FWD,Leeds,4.5
0,0,0,0,0,0,0,0,0,0,0,0,0,0.0,0.0,0.0,0.0,0,0,0,0,0,0.00,0.00,0.00,0.00,0,False,742,McAidoo,MID,Man City,4.5
0,0,0,0,0,0,0,0,0,0,0,0,0,0.0,0.0,0.0,0.0,0,0,0,0,0,0.00,0.00,0.00,0.00,0,False,743,Emenalo,MID,Chelsea,4.5
0,0,0,0,0,0,0,0,0,0,0,0,0,0.0,0.0,0.0,0.0,0,0,0,0,0,0.00,0.00,0.00,0.00,0,False,744,Oriola,MID,Brighton,4.5
0,0,0,0,0,0,0,0,0,0,0,0,0,0.0,0.0,0.0,0.0,0,0,0,0,0,0.00,0.00,0.00,0.00,0,False,745,Byfield,DEF,Spurs,4.0
0,0,0,0,0,0,0,0,0,0,0,0,0,0.0,0.0,0.0,0.0,0,0,0,0,0,0.00,0.00,0.00,0.00,0,False,746,Morrison,MID,Liverpool,4.5
0,0,0,0,0,0,0,0,0,0,0,0,0,0.0,0.0,0.0,0.0,0,0,0,0,0,0.00,0.00,0.00,0.00,0,False,747,Mayers,DEF,West Ham,4.0
0,0,0,0,0,0,0,0,0,0,0,0,0,0.0,0.0,0.0,0.0,0,0,0,0,0,0.00,0.00,0.00,0.00,0,False,748,Dasilva,MID,Brentford,4.9
69,0,0,1,0,0,0,0,0,0,0,0,3,0.0,1.3,2.0,0.1,1,3,0,4,1,0.00,0.01,0.01,1.19,2,False,749,Mané,FWD,Wolves,4.5
0,0,0,0,0,0,0,0,0,0,0,0,0,0.0,0.0,0.0,0.0,0,0,0,0,0,0.00,0.00,0.00,0.00,0,False,750,Rowswell,DEF,Spurs,4.0
0,0,0,0,0,0,0,0,0,0,0,0,0,0.0,0.0,0.0,0.0,0,0,0,0,0,0.00,0.00,0.00,0.00,0,False,751,Akhamrich,MID,Spurs,4.5
0,0,0,0,0,0,0,0,0,0,0,0,0,0.0,0.0,0.0,0.0,0,0,0,0,0,0.00,0.00,0.00,0.00,0,False,752,Golambeckis,DEF,West Ham,4.0
0,0,0,0,0,0,0,0,0,0,0,0,0,0.0,0.0,0.0,0.0,0,0,0,0,0,0.00,0.00,0.00,0.00,0,False,753,Ruddy,GKP,Newcastle,4.0
0,0,0,0,0,0,0,0,0,0,0,0,0,0.0,0.0,0.0,0.0,0,0,0,0,0,0.00,0.00,0.00,0.00,0,False,754,George Hemmings,MID,Aston Villa,4.5
0,0,0,0,0,0,0,0,0,0,0,0,0,0.0,0.0,0.0,0.0,0,0,0,0,0,0.00,0.00,0.00,0.00,0,False,755,Lacey,MID,Man Utd,4.5
0,0,0,0,0,0,0,0,0,0,0,0,0,0.0,0.0,0.0,0.0,0,0,0,0,0,0.00,0.00,0.00,0.00,0,False,756,DaCosta,MID,Bournemouth,4.5
0,0,0,0,0,0,0,0,0,0,0,0,0,0.0,0.0,0.0,0.0,0,0,0,0,0,0.00,0.00,0.00,0.00,0,False,757,Hollingshead,GKP,Aston Villa,4.0
1,0,0,0,0,0,0,0,1,0,0,0,-1,0.0,0.1,0.0,0.0,0,1,0,1,0,0.00,0.00,0.00,0.00,0,False,758,Mohamadou Kanté,MID,West Ham,4.5
0,0,0,0,0,0,0,0,0,0,0,0,0,0.0,0.0,0.0,0.0,0,0,0,0,0,0.00,0.00,0.00,0.00,0,False,759,Salmon,DEF,Arsenal,4.0
0,0,0,0,0,0,0,0,0,0,0,0,0,0.0,0.0,0.0,0.0,0,0,0,0,0,0.00,0.00,0.00,0.00,0,False,760,Lucky,DEF,Liverpool,4.0
0,0,0,0,0,0,0,0,0,0,0,0,0,0.0,0.0,0.0,0.0,0,0,0,0,0,0.00,0.00,0.00,0.00,0,False,761,Simmonds,DEF,Brighton,4.0
0,0,0,0,0,0,0,0,0,0,0,0,0,0.0,0.0,0.0,0.0,0,0,0,0,0,0.00,0.00,0.00,0.00,0,False,762,Drakes-Thomas,MID,Crystal Palace,4.5
0,0,0,0,0,0,0,0,0,0,0,0,0,0.0,0.0,0.0,0.0,0,0,0,0,0,0.00,0.00,0.00,0.00,0,False,763,Gray,MID,Man City,4.5
0,0,0,0,0,0,0,0,0,0,0,0,0,0.0,0.0,0.0,0.0,0,0,0,0,0,0.00,0.00,0.00,0.00,0,False,764,Heskey,MID,Man City,4.5
0,0,0,0,0,0,0,0,0,0,0,0,0,0.0,0.0,0.0,0.0,0,0,0,0,0,0.00,0.00,0.00,0.00,0,False,765,Shahar,DEF,Newcastle,4.0
0,0,0,0,0,0,0,0,0,0,0,0,0,0.0,0.0,0.0,0.0,0,0,0,0,0,0.00,0.00,0.00,0.00,0,False,766,Olagunju,DEF,Wolves,4.0
0,0,0,0,0,0,0,0,0,0,0,0,0,0.0,0.0,0.0,0.0,0,0,0,0,0,0.00,0.00,0.00,0.00,0,False,767,Rawlings,MID,Wolves,4.5
0,0,0,0,0,0,0,0,0,0,0,0,0,0.0,0.0,0.0,0.0,0,0,0,0,0,0.00,0.00,0.00,0.00,0,False,768,Leon Routh,DEF,Aston Villa,4.0
0,0,0,0,0,0,0,0,0,0,0,0,0,0.0,0.0,0.0,0.0,0,0,0,0,0,0.00,0.00,0.00,0.00,0,False,769,Bendito Mantato,MID,Man Utd,4.5
0,0,0,0,0,0,0,0,0,0,0,0,0,0.0,0.0,0.0,0.0,0,0,0,0,0,0.00,0.00,0.00,0.00,0,False,770,Ridgeon,MID,Fulham,4.5
0,0,0,0,0,0,0,0,0,0,0,0,0,0.0,0.0,0.0,0.0,0,0,0,0,0,0.00,0.00,0.00,0.00,0,False,771,Fletcher,MID,Man Utd,4.4
0,0,0,0,0,0,0,0,0,0,0,0,0,0.0,0.0,0.0,0.0,0,0,0,0,0,0.00,0.00,0.00,0.00,0,False,772,Alabi,MID,Newcastle,4.5
0,0,0,0,0,0,0,0,0,0,0,0,0,0.0,0.0,0.0,0.0,0,0,0,0,0,0.00,0.00,0.00,0.00,0,False,773,Benamar,DEF,Crystal Palace,4.0
0,0,0,0,0,0,0,0,0,0,0,0,0,0.0,0.0,0.0,0.0,0,0,0,0,0,0.00,0.00,0.00,0.00,0,False,774,Jenson Jones,DEF,Sunderland,4.0
0,0,0,0,0,0,0,0,0,0,0,0,0,0.0,0.0,0.0,0.0,0,0,0,0,0,0.00,0.00,0.00,0.00,0,False,775,Tutierov,MID,Sunderland,4.5
0,0,0,0,0,0,0,0,0,0,0,0,0,0.0,0.0,0.0,0.0,0,0,0,0,0,0.00,0.00,0.00,0.00,0,False,776,Pimlott,MID,Burnley,4.5
0,0,0,0,0,0,0,0,0,0,0,0,0,0.0,0.0,0.0,0.0,0,0,0,0,0,0.00,0.00,0.00,0.00,0,False,777,Ojinnaka,MID,Wolves,4.5
0,0,0,0,0,0,0,0,0,0,0,0,0,0.0,0.0,0.0,0.0,0,0,0,0,0,0.00,0.00,0.00,0.00,0,False,778,Sutherland,MID,Wolves,4.5
0,0,0,0,0,0,0,0,0,0,0,0,0,0.0,0.0,0.0,0.0,0,0,0,0,0,0.00,0.00,0.00,0.00,0,False,779,Graham,FWD,Everton,4.5
0,0,0,0,0,0,0,0,0,0,0,0,0,0.0,0.0,0.0,0.0,0,0,0,0,0,0.00,0.00,0.00,0.00,0,False,780,Casey,FWD,Crystal Palace,4.5
0,0,0,0,0,0,0,0,0,0,0,0,0,0.0,0.0,0.0,0.0,0,0,0,0,0,0.00,0.00,0.00,0.00,0,False,781,Carroll,DEF,Aston Villa,4.0
0,0,0,0,0,0,0,0,0,0,0,0,0,0.0,0.0,0.0,0.0,0,0,0,0,0,0.00,0.00,0.00,0.00,0,False,782,Forster,GKP,Bournemouth,4.0
90,0,0,0,1,0,0,0,0,0,0,0,15,12.0,7.7,2.0,2.2,1,2,3,6,1,0.00,0.08,0.08,0.47,2,False,783,Groß,MID,Brighton,5.5
0,0,0,0,0,0,0,0,0,0,0,0,0,0.0,0.0,0.0,0.0,0,0,0,0,0,0.00,0.00,0.00,0.00,0,False,784,Brierley,MID,Burnley,4.5
0,0,0,0,0,0,0,0,0,0,0,0,0,0.0,0.0,0.0,0.0,0,0,0,0,0,0.00,0.00,0.00,0.00,0,False,785,Pablo,FWD,West Ham,5.4
0,0,0,0,0,0,0,0,0,0,0,0,0,0.0,0.0,0.0,0.0,0,0,0,0,0,0.00,0.00,0.00,0.00,0,False,786,McNally,GKP,Fulham,4.0
0,0,0,0,0,0,0,0,0,0,0,0,0,0.0,0.0,0.0,0.0,0,0,0,0,0,0.00,0.00,0.00,0.00,0,False,787,Chambers,MID,Leeds,4.4
0,0,0,0,0,0,0,0,0,0,0,0,0,0.0,0.0,0.0,0.0,0,0,0,0,0,0.00,0.00,0.00,0.00,0,False,788,Kukonki,DEF,Man Utd,4.0
0,0,0,0,0,0,0,0,0,0,0,0,0,0.0,0.0,0.0,0.0,0,0,0,0,0,0.00,0.00,0.00,0.00,0,False,789,Merrick,GKP,Chelsea,4.0
0,0,0,0,0,0,0,0,0,0,0,0,0,0.0,0.0,0.0,0.0,0,0,0,0,0,0.00,0.00,0.00,0.00,0,False,790,Williams-Barnett,MID,Spurs,4.5
87,0,0,1,0,0,0,0,0,0,0,0,13,11.8,33.3,19.0,6.4,1,2,0,3,1,0.10,0.04,0.14,0.84,2,False,791,Taty,FWD,West Ham,5.5
27,0,0,0,1,0,0,0,0,0,0,0,2,0.0,2.0,4.0,0.4,0,2,0,2,0,0.05,0.01,0.06,1.34,1,False,792,Alysson,MID,Aston Villa,5.0
0,0,0,0,0,0,0,0,0,0,0,0,0,0.0,0.0,0.0,0.0,0,0,0,0,0,0.00,0.00,0.00,0.00,0,False,793,King,DEF,Crystal Palace,4.0
0,0,0,0,0,0,0,0,0,0,0,0,0,0.0,0.0,0.0,0.0,0,0,0,0,0,0.00,0.00,0.00,0.00,0,False,794,Alleyne,DEF,Man City,4.0
13,0,0,0,0,0,0,0,0,0,0,0,2,3.0,0.7,0.0,0.4,1,1,1,3,0,0.00,0.00,0.00,0.04,1,False,795,Howell,MID,Brighton,4.5
47,0,0,0,2,0,0,0,0,0,0,0,2,2.4,0.8,0.0,0.3,1,2,0,3,0,0.00,0.00,0.00,0.88,1,False,796,Gallagher,MID,Spurs,5.2
0,0,0,0,0,0,0,0,0,0,0,0,0,0.0,0.0,0.0,0.0,0,0,0,0,0,0.00,0.00,0.00,0.00,0,False,797,Furo,FWD,Brentford,4.5
0,0,0,0,0,0,0,0,0,0,0,0,0,0.0,0.0,0.0,0.0,0,0,0,0,0,0.00,0.00,0.00,0.00,0,False,798,Imray,DEF,Crystal Palace,4.0
0,0,0,0,0,0,0,0,0,0,0,0,0,0.0,0.0,0.0,0.0,0,0,0,0,0,0.00,0.00,0.00,0.00,0,False,799,Stevens,MID,Bournemouth,4.5
0,0,0,0,0,0,0,0,0,0,0,0,0,0.0,0.0,0.0,0.0,0,0,0,0,0,0.00,0.00,0.00,0.00,0,False,800,Jocelin.T,MID,Sunderland,5.0
0,0,0,0,0,0,0,0,0,0,0,0,0,0.0,0.0,0.0,0.0,0,0,0,0,0,0.00,0.00,0.00,0.00,0,False,801,Tóth.A,MID,Bournemouth,4.9
0,0,0,0,0,0,0,0,0,0,0,0,0,0.0,0.0,0.0,0.0,0,0,0,0,0,0.00,0.00,0.00,0.00,0,False,802,Lamadrid,MID,West Ham,5.0
0,0,0,0,0,0,0,0,0,0,0,0,0,0.0,0.0,0.0,0.0,0,0,0,0,0,0.00,0.00,0.00,0.00,0,False,803,Sharman-Lowe,GKP,Chelsea,4.0
42,0,0,0,1,0,0,0,1,0,0,0,-6,0.4,10.8,4.0,1.5,1,0,0,1,1,0.00,0.00,0.00,0.89,0,False,804,Souza,DEF,Spurs,4.0
0,0,0,0,0,0,0,0,0,0,0,0,0,0.0,0.0,0.0,0.0,0,0,0,0,0,0.00,0.00,0.00,0.00,0,False,805,Lucca,FWD,Nott'm Forest,5.5
0,0,0,0,0,0,0,0,0,0,0,0,0,0.0,0.0,0.0,0.0,0,0,0,0,0,0.00,0.00,0.00,0.00,0,False,806,Mandas,GKP,Bournemouth,4.0
73,0,0,1,0,0,0,0,0,0,0,0,8,8.2,5.1,6.0,1.9,3,3,2,8,1,0.00,0.04,0.04,0.17,3,False,807,Rayan,MID,Bournemouth,5.6
19,0,0,0,0,0,0,0,0,0,0,0,1,0.2,1.3,6.0,0.8,0,0,1,1,0,0.25,0.00,0.25,0.37,1,False,808,Abraham,FWD,Aston Villa,6.0
0,0,0,0,0,0,0,0,0,0,0,0,0,0.0,0.0,0.0,0.0,0,0,0,0,0,0.00,0.00,0.00,0.00,0,False,809,Abbey,MID,Wolves,4.5
0,0,0,0,0,0,0,0,0,0,0,0,0,0.0,0.0,0.0,0.0,0,0,0,0,0,0.00,0.00,0.00,0.00,0,False,810,Bentt,MID,Brentford,4.5
0,0,0,0,0,0,0,0,0,0,0,0,0,0.0,0.0,0.0,0.0,0,0,0,0,0,0.00,0.00,0.00,0.00,0,False,811,Kyerematen,MID,Spurs,4.5
90,0,0,1,0,0,0,0,0,0,4,3,32,25.6,0.0,0.0,2.6,2,11,0,0,1,0.00,0.00,0.00,1.15,10,True,812,Ellborg,GKP,Sunderland,4.0
87,0,0,1,0,0,0,0,0,0,0,0,10,11.2,0.5,0.0,1.2,4,3,3,10,1,0.00,0.01,0.01,0.73,3,False,813,Angulo,MID,Sunderland,5.0
0,0,0,0,0,0,0,0,0,0,0,0,0,0.0,0.0,0.0,0.0,0,0,0,0,0,0.00,0.00,0.00,0.00,0,False,814,Netz,DEF,Nott'm Forest,4.5
90,0,0,1,0,0,0,0,0,0,0,0,23,12.6,0.3,0.0,1.3,5,1,1,6,1,0.00,0.00,0.00,0.89,6,False,815,Disasi,DEF,West Ham,4.5
59,0,0,0,0,0,0,0,0,0,0,0,3,3.4,6.3,0.0,1.0,0,2,2,4,1,0.00,0.01,0.01,1.17,1,False,816,Angel,MID,Wolves,4.8
59,0,0,0,0,0,0,0,0,0,0,0,5,6.2,0.6,2.0,0.9,3,1,1,5,1,0.00,0.00,0.00,1.17,1,False,817,Armstrong,FWD,Wolves,5.3
0,0,0,0,0,0,0,0,0,0,0,0,0,0.0,0.0,0.0,0.0,0,0,0,0,0,0.00,0.00,0.00,0.00,0,False,818,Wilson,FWD,Spurs,4.5
0,0,0,0,0,0,0,0,0,0,0,0,0,0.0,0.0,0.0,0.0,0,0,0,0,0,0.00,0.00,0.00,0.00,0,False,819,Shield,DEF,Brentford,4.0
0,0,0,0,0,0,0,0,0,0,0,0,0,0.0,0.0,0.0,0.0,0,0,0,0,0,0.00,0.00,0.00,0.00,0,False,820,McMahon-Brown,MID,Burnley,4.5
